<?xml version="1.0" encoding="UTF-8" standalone="no" ?>

<gpx xmlns="http://www.topografix.com/GPX/1/1" xmlns:xsi="http://www.w3.org/2001/XMLSchema-instance" xsi:schemaLocation="http://www.topografix.com/GPX/1/1 http://www.topografix.com/GPX/1/1/gpx.xsd" version="1.1" creator="waymarkedtrails.org"><metadata><name>Rheinhöhenweg Lahnstein-Kaub (rrh.-Taunus)</name><copyright author="OpenStreetMap and Contributors"><license>https://www.openstreetmap.org/copyright</license></copyright><link href="https://hiking.waymarkedtrails.org/#route?id=13092816&amp;type=relation"><text>WaymarkedTrails</text></link><time>2026-08-25T09:12:56.219Z</time></metadata><trk><trkseg><trkpt lat="50.1404356" lon="7.7332861"/><trkpt lat="50.1405023" lon="7.7332035"/><trkpt lat="50.1407286" lon="7.7328076"/><trkpt lat="50.14108" lon="7.7323842"/><trkpt lat="50.1413029" lon="7.7322515"/><trkpt lat="50.1415621" lon="7.7321054"/><trkpt lat="50.1416107" lon="7.7320175"/><trkpt lat="50.1416465" lon="7.731956"/></trkseg></trk><trk><trkseg><trkpt lat="50.0833778" lon="7.7690343"/><trkpt lat="50.0834511" lon="7.7689447"/><trkpt lat="50.0838097" lon="7.7684458"/><trkpt lat="50.0838386" lon="7.7683779"/><trkpt lat="50.0838433" lon="7.7683229"/><trkpt lat="50.0838526" lon="7.7681796"/><trkpt lat="50.0838586" lon="7.7681319"/><trkpt lat="50.0838737" lon="7.7680851"/><trkpt lat="50.0838966" lon="7.7680396"/><trkpt lat="50.0848901" lon="7.7666788"/><trkpt lat="50.0848979" lon="7.7666233"/><trkpt lat="50.0849392" lon="7.7665596"/><trkpt lat="50.0850199" lon="7.7664777"/><trkpt lat="50.0851353" lon="7.7663908"/><trkpt lat="50.0853507" lon="7.7661286"/><trkpt lat="50.0854537" lon="7.7659712"/><trkpt lat="50.0855556" lon="7.765824"/><trkpt lat="50.0857593" lon="7.7655647"/><trkpt lat="50.0859511" lon="7.7652856"/><trkpt lat="50.0860002" lon="7.7652037"/><trkpt lat="50.0860505" lon="7.7651138"/><trkpt lat="50.0862125" lon="7.7648304"/><trkpt lat="50.0863824" lon="7.7645202"/><trkpt lat="50.0864029" lon="7.7644853"/><trkpt lat="50.0864787" lon="7.7643655"/><trkpt lat="50.0865102" lon="7.7643287"/><trkpt lat="50.0865698" lon="7.7642813"/><trkpt lat="50.0866161" lon="7.7642294"/><trkpt lat="50.0866943" lon="7.7641496"/><trkpt lat="50.0867213" lon="7.7641038"/><trkpt lat="50.0867845" lon="7.7639965"/><trkpt lat="50.0869044" lon="7.7641609"/><trkpt lat="50.0870036" lon="7.7643085"/><trkpt lat="50.0869519" lon="7.7645043"/><trkpt lat="50.0868976" lon="7.7646412"/><trkpt lat="50.0869167" lon="7.7646686"/><trkpt lat="50.0868738" lon="7.764736"/><trkpt lat="50.0869983" lon="7.7648716"/><trkpt lat="50.0869381" lon="7.7651003"/><trkpt lat="50.0869479" lon="7.7651014"/><trkpt lat="50.0869784" lon="7.7650589"/><trkpt lat="50.0869892" lon="7.7650644"/><trkpt lat="50.08699" lon="7.7650827"/><trkpt lat="50.0869729" lon="7.7651259"/><trkpt lat="50.0868675" lon="7.7654081"/><trkpt lat="50.0867818" lon="7.7656275"/><trkpt lat="50.0866288" lon="7.7658783"/><trkpt lat="50.08653" lon="7.7660001"/><trkpt lat="50.0864764" lon="7.7661471"/><trkpt lat="50.086455" lon="7.7662906"/><trkpt lat="50.0864516" lon="7.7663184"/><trkpt lat="50.0864717" lon="7.766318"/><trkpt lat="50.0865484" lon="7.7662709"/><trkpt lat="50.0866013" lon="7.7662118"/><trkpt lat="50.0866995" lon="7.7660992"/><trkpt lat="50.0867503" lon="7.7660721"/><trkpt lat="50.0867949" lon="7.7660711"/><trkpt lat="50.0868132" lon="7.7660818"/><trkpt lat="50.0868003" lon="7.7661118"/><trkpt lat="50.0867467" lon="7.7661587"/><trkpt lat="50.0867108" lon="7.7661986"/><trkpt lat="50.0866648" lon="7.7662944"/><trkpt lat="50.0865034" lon="7.7666352"/><trkpt lat="50.0868296" lon="7.766302"/><trkpt lat="50.086967" lon="7.7662481"/><trkpt lat="50.0870533" lon="7.7661997"/><trkpt lat="50.0870552" lon="7.766217"/><trkpt lat="50.0870471" lon="7.7662592"/><trkpt lat="50.0868776" lon="7.7665221"/><trkpt lat="50.0869681" lon="7.7664769"/><trkpt lat="50.0870179" lon="7.7664488"/><trkpt lat="50.0870812" lon="7.7664118"/><trkpt lat="50.0871326" lon="7.7663682"/><trkpt lat="50.0871674" lon="7.7663271"/><trkpt lat="50.0871926" lon="7.7662731"/><trkpt lat="50.0872501" lon="7.7661353"/><trkpt lat="50.0872599" lon="7.7661244"/><trkpt lat="50.0872703" lon="7.7661241"/><trkpt lat="50.0872736" lon="7.7661398"/><trkpt lat="50.08727" lon="7.7661555"/><trkpt lat="50.0872054" lon="7.766424"/><trkpt lat="50.0871768" lon="7.7665723"/><trkpt lat="50.0871292" lon="7.7667616"/><trkpt lat="50.0870633" lon="7.7669149"/><trkpt lat="50.0870652" lon="7.7669333"/><trkpt lat="50.0871321" lon="7.7669116"/><trkpt lat="50.0872153" lon="7.7668874"/><trkpt lat="50.0872924" lon="7.7668532"/><trkpt lat="50.0873804" lon="7.7667782"/><trkpt lat="50.0874323" lon="7.7667401"/><trkpt lat="50.0874747" lon="7.7666974"/><trkpt lat="50.0875059" lon="7.7666293"/><trkpt lat="50.0875526" lon="7.7664976"/><trkpt lat="50.0875862" lon="7.7664119"/><trkpt lat="50.0876246" lon="7.7663434"/><trkpt lat="50.0876897" lon="7.7662698"/><trkpt lat="50.0877318" lon="7.766236"/><trkpt lat="50.0877567" lon="7.7662349"/><trkpt lat="50.0877805" lon="7.7662529"/><trkpt lat="50.0878179" lon="7.7662646"/><trkpt lat="50.0878646" lon="7.766288"/><trkpt lat="50.0880779" lon="7.7666016"/><trkpt lat="50.0881846" lon="7.7668398"/><trkpt lat="50.0882121" lon="7.7668484"/><trkpt lat="50.0882267" lon="7.7667851"/><trkpt lat="50.0881446" lon="7.7664173"/><trkpt lat="50.0880641" lon="7.7660294"/><trkpt lat="50.088072" lon="7.7659995"/><trkpt lat="50.0881114" lon="7.7660219"/><trkpt lat="50.0882327" lon="7.7662456"/><trkpt lat="50.0883551" lon="7.766427"/><trkpt lat="50.0884083" lon="7.766432"/><trkpt lat="50.0884643" lon="7.7663834"/><trkpt lat="50.0886388" lon="7.7661706"/><trkpt lat="50.0888694" lon="7.7658765"/><trkpt lat="50.0888869" lon="7.7658364"/><trkpt lat="50.0888722" lon="7.7657856"/><trkpt lat="50.088814" lon="7.7657817"/><trkpt lat="50.0884995" lon="7.7658497"/><trkpt lat="50.0883576" lon="7.7658534"/><trkpt lat="50.0882798" lon="7.7657136"/><trkpt lat="50.088258" lon="7.7655959"/><trkpt lat="50.088265" lon="7.7654687"/><trkpt lat="50.0882442" lon="7.7651614"/><trkpt lat="50.088258" lon="7.7651203"/><trkpt lat="50.0882794" lon="7.7651187"/><trkpt lat="50.0883124" lon="7.7651497"/><trkpt lat="50.0883479" lon="7.7652176"/><trkpt lat="50.0883879" lon="7.7652819"/><trkpt lat="50.0884324" lon="7.7654223"/><trkpt lat="50.0884998" lon="7.7654284"/><trkpt lat="50.0885686" lon="7.7654217"/><trkpt lat="50.088833" lon="7.7653702"/><trkpt lat="50.0889777" lon="7.7653885"/><trkpt lat="50.0890892" lon="7.7654216"/><trkpt lat="50.0892007" lon="7.7654771"/><trkpt lat="50.0893641" lon="7.7656435"/><trkpt lat="50.0895868" lon="7.765865"/><trkpt lat="50.0897647" lon="7.7660559"/><trkpt lat="50.0898782" lon="7.7661518"/><trkpt lat="50.089972" lon="7.766194"/><trkpt lat="50.0903742" lon="7.7663081"/><trkpt lat="50.0903997" lon="7.7662919"/><trkpt lat="50.0904379" lon="7.7662489"/><trkpt lat="50.0904862" lon="7.7662629"/><trkpt lat="50.0907998" lon="7.7664455"/><trkpt lat="50.0909471" lon="7.766546"/><trkpt lat="50.0910636" lon="7.7666327"/><trkpt lat="50.0911736" lon="7.766711"/><trkpt lat="50.0912415" lon="7.7667907"/><trkpt lat="50.0913107" lon="7.766882"/><trkpt lat="50.0914007" lon="7.7670283"/><trkpt lat="50.0915603" lon="7.7673104"/><trkpt lat="50.0917039" lon="7.767519"/><trkpt lat="50.0919293" lon="7.7678133"/><trkpt lat="50.0922602" lon="7.7682415"/><trkpt lat="50.0931648" lon="7.7694426"/><trkpt lat="50.0932008" lon="7.7692698"/><trkpt lat="50.0931988" lon="7.7691618"/><trkpt lat="50.0931782" lon="7.7690645"/><trkpt lat="50.093133" lon="7.7689492"/><trkpt lat="50.09298" lon="7.7686156"/><trkpt lat="50.0929297" lon="7.7685362"/><trkpt lat="50.0926608" lon="7.7681774"/><trkpt lat="50.0922814" lon="7.7677034"/><trkpt lat="50.0921772" lon="7.7675992"/><trkpt lat="50.0921099" lon="7.7674936"/><trkpt lat="50.0920303" lon="7.7672987"/><trkpt lat="50.0920371" lon="7.7672522"/><trkpt lat="50.0920352" lon="7.767214"/><trkpt lat="50.0920221" lon="7.7671738"/><trkpt lat="50.091984" lon="7.7670817"/><trkpt lat="50.0919197" lon="7.7669293"/><trkpt lat="50.0917244" lon="7.766156"/><trkpt lat="50.0916917" lon="7.7660244"/><trkpt lat="50.0916429" lon="7.7658627"/><trkpt lat="50.0915848" lon="7.7657175"/><trkpt lat="50.0915271" lon="7.7655852"/><trkpt lat="50.0914564" lon="7.7654814"/><trkpt lat="50.0913533" lon="7.7653602"/><trkpt lat="50.0911674" lon="7.765206"/><trkpt lat="50.0910225" lon="7.7650934"/><trkpt lat="50.0909098" lon="7.7650129"/><trkpt lat="50.0908222" lon="7.7649382"/><trkpt lat="50.0907778" lon="7.7648809"/><trkpt lat="50.0907229" lon="7.764793"/><trkpt lat="50.0906406" lon="7.7646588"/><trkpt lat="50.0905989" lon="7.7645609"/><trkpt lat="50.0905596" lon="7.7644459"/><trkpt lat="50.0905094" lon="7.7642785"/><trkpt lat="50.0904725" lon="7.7641421"/><trkpt lat="50.0904288" lon="7.7639365"/><trkpt lat="50.0903697" lon="7.7636474"/><trkpt lat="50.0903355" lon="7.7634317"/><trkpt lat="50.0903134" lon="7.7632125"/><trkpt lat="50.0903057" lon="7.7630921"/><trkpt lat="50.0903029" lon="7.7629817"/><trkpt lat="50.0903024" lon="7.7628774"/><trkpt lat="50.0903105" lon="7.7627802"/><trkpt lat="50.0903235" lon="7.7626936"/><trkpt lat="50.0903666" lon="7.7625083"/><trkpt lat="50.0904261" lon="7.762296"/><trkpt lat="50.0904974" lon="7.7620791"/><trkpt lat="50.0905554" lon="7.7619208"/><trkpt lat="50.0905891" lon="7.7618596"/><trkpt lat="50.090643" lon="7.7618049"/><trkpt lat="50.0907265" lon="7.7617211"/><trkpt lat="50.0907539" lon="7.7616936"/><trkpt lat="50.0907885" lon="7.7616742"/><trkpt lat="50.0908068" lon="7.7616128"/><trkpt lat="50.0908241" lon="7.7615538"/><trkpt lat="50.0908758" lon="7.7613557"/><trkpt lat="50.0910539" lon="7.7609957"/><trkpt lat="50.0911354" lon="7.7608799"/><trkpt lat="50.0912005" lon="7.7607339"/><trkpt lat="50.091243" lon="7.760635"/><trkpt lat="50.0912567" lon="7.7605703"/><trkpt lat="50.0912224" lon="7.7604055"/><trkpt lat="50.0912281" lon="7.7603586"/><trkpt lat="50.0913686" lon="7.7602336"/><trkpt lat="50.0914766" lon="7.7601162"/><trkpt lat="50.0917244" lon="7.7600572"/><trkpt lat="50.0918973" lon="7.7599892"/><trkpt lat="50.0920165" lon="7.7598427"/><trkpt lat="50.0921611" lon="7.7595069"/><trkpt lat="50.0922971" lon="7.7593576"/><trkpt lat="50.0923244" lon="7.7592811"/><trkpt lat="50.0923857" lon="7.7592005"/><trkpt lat="50.0926409" lon="7.7590946"/><trkpt lat="50.0929848" lon="7.7587961"/><trkpt lat="50.0931005" lon="7.7587495"/><trkpt lat="50.0931919" lon="7.7587203"/><trkpt lat="50.0933135" lon="7.758667"/><trkpt lat="50.093371" lon="7.7585979"/><trkpt lat="50.0936254" lon="7.7583688"/><trkpt lat="50.0937975" lon="7.758283"/><trkpt lat="50.0943343" lon="7.7580748"/><trkpt lat="50.0943781" lon="7.7580768"/><trkpt lat="50.0944133" lon="7.7580788"/><trkpt lat="50.0944606" lon="7.7580637"/><trkpt lat="50.0950442" lon="7.7576015"/><trkpt lat="50.0952021" lon="7.7575161"/><trkpt lat="50.0953603" lon="7.7574698"/><trkpt lat="50.0955711" lon="7.7573183"/><trkpt lat="50.0957967" lon="7.7570275"/><trkpt lat="50.0960933" lon="7.7567467"/><trkpt lat="50.0965437" lon="7.7565127"/><trkpt lat="50.0968047" lon="7.7563752"/><trkpt lat="50.0971046" lon="7.7562606"/><trkpt lat="50.0974427" lon="7.7559596"/><trkpt lat="50.0974991" lon="7.7559154"/><trkpt lat="50.0975585" lon="7.7558905"/><trkpt lat="50.0976478" lon="7.7559033"/><trkpt lat="50.0977553" lon="7.755934"/><trkpt lat="50.0978911" lon="7.7560147"/><trkpt lat="50.0982593" lon="7.7562564"/><trkpt lat="50.0984243" lon="7.7563755"/><trkpt lat="50.0986029" lon="7.7564579"/><trkpt lat="50.0988255" lon="7.7565121"/><trkpt lat="50.0989157" lon="7.7565645"/><trkpt lat="50.0993482" lon="7.7572208"/><trkpt lat="50.0996548" lon="7.7574068"/><trkpt lat="50.100241" lon="7.7576394"/><trkpt lat="50.1002696" lon="7.7576536"/><trkpt lat="50.100507" lon="7.7577781"/><trkpt lat="50.1007438" lon="7.7579142"/><trkpt lat="50.1014898" lon="7.7585768"/><trkpt lat="50.1018937" lon="7.7590305"/><trkpt lat="50.1022644" lon="7.7592282"/><trkpt lat="50.1025061" lon="7.7595057"/><trkpt lat="50.1026102" lon="7.7596938"/><trkpt lat="50.1027031" lon="7.7596992"/><trkpt lat="50.1027823" lon="7.7595758"/><trkpt lat="50.1027471" lon="7.7592373"/><trkpt lat="50.1027586" lon="7.7591052"/><trkpt lat="50.1027738" lon="7.7589829"/><trkpt lat="50.1027907" lon="7.7588719"/><trkpt lat="50.1028034" lon="7.758786"/><trkpt lat="50.1028329" lon="7.7586624"/><trkpt lat="50.1028619" lon="7.758563"/><trkpt lat="50.1029543" lon="7.758404"/><trkpt lat="50.1030031" lon="7.7582727"/><trkpt lat="50.1030646" lon="7.7581177"/><trkpt lat="50.1030778" lon="7.7580743"/><trkpt lat="50.1030883" lon="7.7580181"/><trkpt lat="50.1031186" lon="7.7578642"/><trkpt lat="50.1032826" lon="7.7574212"/><trkpt lat="50.1033101" lon="7.7573786"/><trkpt lat="50.103342" lon="7.7573483"/><trkpt lat="50.1034357" lon="7.7572808"/><trkpt lat="50.1035612" lon="7.757178"/><trkpt lat="50.1036173" lon="7.7571248"/><trkpt lat="50.1037728" lon="7.7571598"/><trkpt lat="50.1040176" lon="7.7572547"/><trkpt lat="50.1042961" lon="7.7573367"/><trkpt lat="50.1049621" lon="7.7575291"/><trkpt lat="50.1052395" lon="7.7575943"/><trkpt lat="50.1052371" lon="7.7577464"/><trkpt lat="50.1052337" lon="7.7579616"/><trkpt lat="50.1052308" lon="7.758141"/><trkpt lat="50.1052383" lon="7.7581876"/><trkpt lat="50.1053256" lon="7.7587268"/><trkpt lat="50.1054441" lon="7.7591817"/><trkpt lat="50.1054865" lon="7.759489"/><trkpt lat="50.1054578" lon="7.7597479"/><trkpt lat="50.1053818" lon="7.760089"/><trkpt lat="50.1053957" lon="7.7602805"/><trkpt lat="50.1055368" lon="7.7609218"/><trkpt lat="50.1056822" lon="7.761523"/><trkpt lat="50.1056913" lon="7.7615665"/><trkpt lat="50.1057403" lon="7.7617834"/><trkpt lat="50.1058797" lon="7.7625163"/><trkpt lat="50.1058881" lon="7.7625659"/><trkpt lat="50.105968" lon="7.7630397"/><trkpt lat="50.1060221" lon="7.7633601"/><trkpt lat="50.1060436" lon="7.7635394"/><trkpt lat="50.1060556" lon="7.7636394"/><trkpt lat="50.1060587" lon="7.7636656"/><trkpt lat="50.1060896" lon="7.7639465"/><trkpt lat="50.1061067" lon="7.7642305"/><trkpt lat="50.1061281" lon="7.764784"/><trkpt lat="50.1061598" lon="7.7656737"/><trkpt lat="50.106177" lon="7.7661111"/><trkpt lat="50.1061983" lon="7.7667241"/><trkpt lat="50.1061894" lon="7.7669021"/><trkpt lat="50.1061756" lon="7.7670802"/><trkpt lat="50.1069092" lon="7.7693405"/><trkpt lat="50.1071388" lon="7.7700478"/><trkpt lat="50.1077254" lon="7.7704645"/><trkpt lat="50.1088652" lon="7.7712741"/><trkpt lat="50.1093868" lon="7.771657"/><trkpt lat="50.1094443" lon="7.7716829"/><trkpt lat="50.1097859" lon="7.7711561"/><trkpt lat="50.1104316" lon="7.7701726"/><trkpt lat="50.1104679" lon="7.7701219"/><trkpt lat="50.1105299" lon="7.770066"/><trkpt lat="50.1106198" lon="7.7700143"/><trkpt lat="50.110793" lon="7.7699134"/><trkpt lat="50.1108564" lon="7.7699005"/><trkpt lat="50.1116786" lon="7.7699625"/><trkpt lat="50.1117542" lon="7.7699808"/><trkpt lat="50.1118071" lon="7.7700101"/><trkpt lat="50.1118544" lon="7.7700238"/><trkpt lat="50.1119446" lon="7.7700456"/><trkpt lat="50.112135" lon="7.7701254"/><trkpt lat="50.1124441" lon="7.7702782"/><trkpt lat="50.1125694" lon="7.7703443"/><trkpt lat="50.1129052" lon="7.7705314"/><trkpt lat="50.1132322" lon="7.7707361"/><trkpt lat="50.1133431" lon="7.7708151"/><trkpt lat="50.113898" lon="7.7711634"/><trkpt lat="50.1139964" lon="7.7712418"/><trkpt lat="50.1140768" lon="7.7713257"/><trkpt lat="50.1142855" lon="7.7716156"/><trkpt lat="50.1144617" lon="7.7718671"/><trkpt lat="50.114873" lon="7.7724471"/><trkpt lat="50.1160126" lon="7.7738829"/><trkpt lat="50.1165286" lon="7.7740894"/><trkpt lat="50.117079" lon="7.7737863"/><trkpt lat="50.1172235" lon="7.7734967"/><trkpt lat="50.1172398" lon="7.7731768"/><trkpt lat="50.1172716" lon="7.7725525"/><trkpt lat="50.1176084" lon="7.7719416"/><trkpt lat="50.1186241" lon="7.7709384"/><trkpt lat="50.1186739" lon="7.7708797"/><trkpt lat="50.1196824" lon="7.7696898"/><trkpt lat="50.1209996" lon="7.7685678"/><trkpt lat="50.1219304" lon="7.7672501"/><trkpt lat="50.1228748" lon="7.7659234"/><trkpt lat="50.123186" lon="7.7658286"/><trkpt lat="50.1237171" lon="7.7656551"/><trkpt lat="50.1237731" lon="7.765605"/><trkpt lat="50.1242494" lon="7.766262"/><trkpt lat="50.1248109" lon="7.7652327"/><trkpt lat="50.124874" lon="7.7652091"/><trkpt lat="50.1250964" lon="7.7657463"/><trkpt lat="50.1253201" lon="7.7660927"/><trkpt lat="50.125411" lon="7.766183"/><trkpt lat="50.125514" lon="7.766194"/><trkpt lat="50.125604" lon="7.766151"/><trkpt lat="50.1259938" lon="7.7656815"/><trkpt lat="50.126259" lon="7.76544"/><trkpt lat="50.126307" lon="7.765416"/><trkpt lat="50.126333" lon="7.765402"/><trkpt lat="50.126363" lon="7.7654022"/><trkpt lat="50.1263943" lon="7.7654068"/><trkpt lat="50.126511" lon="7.7654443"/><trkpt lat="50.1265264" lon="7.7654239"/><trkpt lat="50.1265767" lon="7.7653478"/><trkpt lat="50.1267076" lon="7.7651444"/><trkpt lat="50.1268023" lon="7.7649972"/><trkpt lat="50.1268405" lon="7.7649378"/><trkpt lat="50.1268809" lon="7.7648823"/><trkpt lat="50.1269029" lon="7.7648522"/><trkpt lat="50.1270662" lon="7.7646281"/><trkpt lat="50.127099" lon="7.764583"/><trkpt lat="50.1271623" lon="7.7644961"/><trkpt lat="50.1272592" lon="7.7643632"/><trkpt lat="50.1272919" lon="7.7643183"/><trkpt lat="50.1277701" lon="7.7637081"/><trkpt lat="50.1278703" lon="7.7635803"/><trkpt lat="50.1281934" lon="7.7631681"/><trkpt lat="50.1285751" lon="7.7627104"/><trkpt lat="50.1286278" lon="7.7626473"/><trkpt lat="50.128661" lon="7.7626075"/><trkpt lat="50.1287536" lon="7.7624965"/><trkpt lat="50.1288305" lon="7.762426"/><trkpt lat="50.1288464" lon="7.7624114"/><trkpt lat="50.1290601" lon="7.7621524"/><trkpt lat="50.1290968" lon="7.7621114"/><trkpt lat="50.1291573" lon="7.7620314"/><trkpt lat="50.1292121" lon="7.761964"/><trkpt lat="50.1292699" lon="7.7618877"/><trkpt lat="50.1292727" lon="7.7618215"/><trkpt lat="50.1293003" lon="7.7611007"/><trkpt lat="50.1293021" lon="7.7610482"/><trkpt lat="50.1293006" lon="7.7609545"/><trkpt lat="50.1292669" lon="7.7589164"/><trkpt lat="50.1296528" lon="7.7587844"/><trkpt lat="50.1297615" lon="7.7587531"/><trkpt lat="50.130389" lon="7.758572"/><trkpt lat="50.1305579" lon="7.7584047"/><trkpt lat="50.130689" lon="7.7582898"/><trkpt lat="50.1308816" lon="7.7580752"/><trkpt lat="50.1309681" lon="7.7579664"/><trkpt lat="50.1311043" lon="7.7578218"/><trkpt lat="50.1313576" lon="7.7574219"/><trkpt lat="50.1316898" lon="7.756818"/><trkpt lat="50.1317477" lon="7.7567199"/><trkpt lat="50.1322035" lon="7.7559478"/><trkpt lat="50.1331285" lon="7.7548235"/><trkpt lat="50.1339949" lon="7.7537831"/><trkpt lat="50.1346753" lon="7.752764"/><trkpt lat="50.1347965" lon="7.7526263"/><trkpt lat="50.1359271" lon="7.7514247"/><trkpt lat="50.1366527" lon="7.750145"/><trkpt lat="50.1370916" lon="7.7493637"/><trkpt lat="50.1371576" lon="7.7492916"/><trkpt lat="50.1372811" lon="7.7492218"/><trkpt lat="50.1380173" lon="7.748734"/><trkpt lat="50.1380712" lon="7.7486849"/><trkpt lat="50.1381036" lon="7.748603"/><trkpt lat="50.138231" lon="7.7477374"/><trkpt lat="50.1382528" lon="7.7476201"/><trkpt lat="50.1382799" lon="7.7475417"/><trkpt lat="50.1383504" lon="7.7474412"/><trkpt lat="50.1387842" lon="7.7468218"/><trkpt lat="50.1388676" lon="7.7466697"/><trkpt lat="50.1391291" lon="7.7461633"/><trkpt lat="50.1394934" lon="7.7463809"/><trkpt lat="50.1397381" lon="7.7461256"/><trkpt lat="50.1399219" lon="7.7458943"/><trkpt lat="50.1400785" lon="7.7456929"/><trkpt lat="50.1401354" lon="7.7455889"/><trkpt lat="50.1401836" lon="7.7454856"/><trkpt lat="50.1403811" lon="7.7450028"/><trkpt lat="50.1406447" lon="7.7444391"/><trkpt lat="50.1407878" lon="7.7441823"/><trkpt lat="50.1409037" lon="7.7439787"/><trkpt lat="50.1410051" lon="7.74382"/><trkpt lat="50.1410202" lon="7.7438471"/><trkpt lat="50.1410946" lon="7.7434089"/><trkpt lat="50.1412218" lon="7.7426493"/><trkpt lat="50.1413318" lon="7.7419091"/><trkpt lat="50.1413958" lon="7.7414273"/><trkpt lat="50.1414242" lon="7.7410576"/><trkpt lat="50.1414565" lon="7.7406849"/><trkpt lat="50.1415469" lon="7.7407638"/><trkpt lat="50.1417344" lon="7.7409667"/><trkpt lat="50.1421743" lon="7.7414737"/><trkpt lat="50.1423913" lon="7.7417064"/><trkpt lat="50.1425028" lon="7.7418117"/><trkpt lat="50.142552" lon="7.7418582"/><trkpt lat="50.1425719" lon="7.7417879"/><trkpt lat="50.1426217" lon="7.7415353"/><trkpt lat="50.1427757" lon="7.7406475"/><trkpt lat="50.1428442" lon="7.7402942"/><trkpt lat="50.142878" lon="7.7401787"/><trkpt lat="50.1427442" lon="7.7398543"/><trkpt lat="50.142604" lon="7.7394576"/><trkpt lat="50.1425526" lon="7.739262"/><trkpt lat="50.1425209" lon="7.7390939"/><trkpt lat="50.1424918" lon="7.7389202"/><trkpt lat="50.1424714" lon="7.7387586"/><trkpt lat="50.1424437" lon="7.7384515"/><trkpt lat="50.1424231" lon="7.738195"/><trkpt lat="50.142403" lon="7.738039"/><trkpt lat="50.1423786" lon="7.7379102"/><trkpt lat="50.1423506" lon="7.7378018"/><trkpt lat="50.1423191" lon="7.7376973"/><trkpt lat="50.1422325" lon="7.7375041"/><trkpt lat="50.1421668" lon="7.737379"/><trkpt lat="50.1420767" lon="7.7372092"/><trkpt lat="50.1419662" lon="7.7370181"/><trkpt lat="50.1418203" lon="7.7367885"/><trkpt lat="50.1416729" lon="7.7365803"/></trkseg></trk><trk><trkseg><trkpt lat="50.1434901" lon="7.7368223"/><trkpt lat="50.1431993" lon="7.7371461"/><trkpt lat="50.1431022" lon="7.7372606"/><trkpt lat="50.143035" lon="7.73729"/><trkpt lat="50.1427941" lon="7.7373464"/><trkpt lat="50.1425329" lon="7.7373866"/><trkpt lat="50.1423132" lon="7.7374432"/><trkpt lat="50.1422866" lon="7.7374591"/><trkpt lat="50.1422325" lon="7.7375041"/></trkseg></trk><trk><trkseg><trkpt lat="50.1989739" lon="7.674815"/><trkpt lat="50.199029" lon="7.6761745"/><trkpt lat="50.1990358" lon="7.6764599"/><trkpt lat="50.1990541" lon="7.6769297"/><trkpt lat="50.1990715" lon="7.6771748"/><trkpt lat="50.1990896" lon="7.6774129"/><trkpt lat="50.1991217" lon="7.6777392"/><trkpt lat="50.1991208" lon="7.6778054"/><trkpt lat="50.1991144" lon="7.6778837"/><trkpt lat="50.1990724" lon="7.6782705"/><trkpt lat="50.1990581" lon="7.6788867"/></trkseg></trk><trk><trkseg><trkpt lat="50.1394721" lon="7.7288639"/><trkpt lat="50.1394583" lon="7.728974"/><trkpt lat="50.139309" lon="7.7287103"/><trkpt lat="50.139287" lon="7.7287046"/><trkpt lat="50.1392883" lon="7.7288208"/><trkpt lat="50.139287" lon="7.7287046"/><trkpt lat="50.139309" lon="7.7287103"/><trkpt lat="50.1394583" lon="7.728974"/><trkpt lat="50.1394721" lon="7.7288639"/></trkseg></trk><trk><trkseg><trkpt lat="50.1401447" lon="7.7298304"/><trkpt lat="50.1400637" lon="7.7297171"/><trkpt lat="50.1397482" lon="7.7292536"/><trkpt lat="50.1396945" lon="7.7291749"/><trkpt lat="50.1394721" lon="7.7288639"/><trkpt lat="50.1396945" lon="7.7291749"/><trkpt lat="50.1397482" lon="7.7292536"/><trkpt lat="50.1400637" lon="7.7297171"/><trkpt lat="50.1401447" lon="7.7298304"/></trkseg></trk><trk><trkseg><trkpt lat="50.1422866" lon="7.7374591"/><trkpt lat="50.142232" lon="7.7373647"/><trkpt lat="50.1421766" lon="7.7372556"/><trkpt lat="50.1421046" lon="7.7371118"/><trkpt lat="50.1420481" lon="7.7370049"/><trkpt lat="50.1419631" lon="7.7368602"/><trkpt lat="50.1416926" lon="7.7364393"/><trkpt lat="50.1415439" lon="7.7361952"/><trkpt lat="50.1414718" lon="7.736086"/><trkpt lat="50.141409" lon="7.7359728"/><trkpt lat="50.141339" lon="7.7358125"/><trkpt lat="50.1412237" lon="7.7355235"/><trkpt lat="50.1410745" lon="7.7351656"/><trkpt lat="50.1407036" lon="7.7342613"/><trkpt lat="50.1406195" lon="7.7340552"/><trkpt lat="50.1405795" lon="7.7339497"/><trkpt lat="50.1404759" lon="7.73362"/><trkpt lat="50.1404442" lon="7.7334986"/><trkpt lat="50.1404356" lon="7.7334336"/><trkpt lat="50.1404327" lon="7.7333659"/><trkpt lat="50.1404356" lon="7.7332861"/></trkseg></trk><trk><trkseg><trkpt lat="50.1416465" lon="7.731956"/><trkpt lat="50.1415914" lon="7.7318779"/><trkpt lat="50.1414231" lon="7.7316395"/><trkpt lat="50.1412243" lon="7.7313578"/><trkpt lat="50.1411209" lon="7.7312047"/><trkpt lat="50.1407078" lon="7.7306226"/><trkpt lat="50.1402617" lon="7.7300015"/><trkpt lat="50.1402435" lon="7.7299761"/><trkpt lat="50.1401992" lon="7.7299056"/><trkpt lat="50.1401447" lon="7.7298304"/><trkpt lat="50.1401992" lon="7.7299056"/><trkpt lat="50.1402435" lon="7.7299761"/><trkpt lat="50.1402617" lon="7.7300015"/><trkpt lat="50.1407078" lon="7.7306226"/><trkpt lat="50.1411209" lon="7.7312047"/><trkpt lat="50.1412243" lon="7.7313578"/><trkpt lat="50.1414231" lon="7.7316395"/><trkpt lat="50.1415914" lon="7.7318779"/><trkpt lat="50.1416465" lon="7.731956"/><trkpt lat="50.1416669" lon="7.7320497"/><trkpt lat="50.1417527" lon="7.7323"/><trkpt lat="50.1418315" lon="7.7324655"/><trkpt lat="50.1418747" lon="7.7325512"/><trkpt lat="50.1418991" lon="7.7326084"/><trkpt lat="50.1419578" lon="7.7327462"/><trkpt lat="50.1419929" lon="7.7327957"/><trkpt lat="50.1420354" lon="7.7328714"/><trkpt lat="50.1420731" lon="7.7329703"/><trkpt lat="50.1420829" lon="7.7330171"/><trkpt lat="50.1420928" lon="7.7330599"/><trkpt lat="50.1421278" lon="7.7331586"/><trkpt lat="50.14216" lon="7.7332138"/><trkpt lat="50.1422047" lon="7.7332812"/><trkpt lat="50.1422709" lon="7.7333765"/><trkpt lat="50.1423233" lon="7.7334605"/><trkpt lat="50.1423568" lon="7.733525"/><trkpt lat="50.1423769" lon="7.7335607"/><trkpt lat="50.1424073" lon="7.7334595"/><trkpt lat="50.1424374" lon="7.7334064"/><trkpt lat="50.1424993" lon="7.7333575"/><trkpt lat="50.1426818" lon="7.7331547"/><trkpt lat="50.1427282" lon="7.7331156"/><trkpt lat="50.142776" lon="7.7330994"/><trkpt lat="50.142855" lon="7.7331209"/><trkpt lat="50.1429197" lon="7.7332016"/><trkpt lat="50.1429732" lon="7.7333516"/><trkpt lat="50.1430287" lon="7.7335261"/><trkpt lat="50.1430833" lon="7.7336082"/><trkpt lat="50.1431344" lon="7.7336398"/><trkpt lat="50.1432677" lon="7.7336679"/><trkpt lat="50.143428" lon="7.7337432"/><trkpt lat="50.1438417" lon="7.7340511"/><trkpt lat="50.1442465" lon="7.7343217"/><trkpt lat="50.1444801" lon="7.7345183"/><trkpt lat="50.1446496" lon="7.7347061"/><trkpt lat="50.1454197" lon="7.7335571"/><trkpt lat="50.1459349" lon="7.7341977"/><trkpt lat="50.1462103" lon="7.73449"/><trkpt lat="50.1463421" lon="7.7346515"/><trkpt lat="50.1464432" lon="7.7346959"/><trkpt lat="50.1465194" lon="7.7347165"/><trkpt lat="50.1466446" lon="7.7347164"/><trkpt lat="50.1467612" lon="7.7347117"/><trkpt lat="50.1467858" lon="7.7347243"/><trkpt lat="50.1468306" lon="7.7347785"/><trkpt lat="50.1470922" lon="7.7348378"/><trkpt lat="50.1473513" lon="7.7351802"/><trkpt lat="50.1475382" lon="7.7354501"/><trkpt lat="50.1478494" lon="7.736303"/><trkpt lat="50.147965" lon="7.736102"/><trkpt lat="50.1480299" lon="7.7359985"/><trkpt lat="50.148106" lon="7.735893"/><trkpt lat="50.148218" lon="7.735753"/><trkpt lat="50.148403" lon="7.735536"/><trkpt lat="50.1485704" lon="7.7353678"/><trkpt lat="50.1491048" lon="7.7350743"/><trkpt lat="50.149471" lon="7.7349"/><trkpt lat="50.1496008" lon="7.7348352"/><trkpt lat="50.1496979" lon="7.7347626"/><trkpt lat="50.1498013" lon="7.7346604"/><trkpt lat="50.149899" lon="7.7345621"/><trkpt lat="50.1500209" lon="7.734409"/><trkpt lat="50.1501043" lon="7.7342861"/><trkpt lat="50.1501858" lon="7.7341413"/><trkpt lat="50.1503055" lon="7.7338643"/><trkpt lat="50.1504708" lon="7.7339968"/><trkpt lat="50.1505224" lon="7.7340638"/><trkpt lat="50.150541" lon="7.7341599"/><trkpt lat="50.1504997" lon="7.7343101"/><trkpt lat="50.1504932" lon="7.7345681"/><trkpt lat="50.1504885" lon="7.7347514"/><trkpt lat="50.1504313" lon="7.7350938"/><trkpt lat="50.1503003" lon="7.7355439"/><trkpt lat="50.1501219" lon="7.73592"/><trkpt lat="50.1498538" lon="7.736156"/><trkpt lat="50.1496132" lon="7.7362955"/><trkpt lat="50.1493379" lon="7.7364237"/><trkpt lat="50.1490976" lon="7.7367783"/><trkpt lat="50.1490082" lon="7.7370572"/><trkpt lat="50.1489529" lon="7.7374"/><trkpt lat="50.1489876" lon="7.7375507"/><trkpt lat="50.149073" lon="7.737576"/><trkpt lat="50.1491147" lon="7.7375037"/><trkpt lat="50.1492073" lon="7.7373433"/><trkpt lat="50.1492713" lon="7.7372423"/><trkpt lat="50.149336" lon="7.7371539"/><trkpt lat="50.1494073" lon="7.7370841"/><trkpt lat="50.1494906" lon="7.737041"/><trkpt lat="50.1495535" lon="7.7370304"/><trkpt lat="50.1496522" lon="7.7370332"/><trkpt lat="50.1496747" lon="7.7370331"/><trkpt lat="50.1497032" lon="7.7370361"/><trkpt lat="50.1496966" lon="7.737169"/><trkpt lat="50.1496983" lon="7.7373851"/><trkpt lat="50.1497165" lon="7.7375358"/><trkpt lat="50.1497474" lon="7.7376283"/><trkpt lat="50.1498062" lon="7.7377196"/><trkpt lat="50.1498398" lon="7.7377543"/><trkpt lat="50.1499272" lon="7.7378445"/><trkpt lat="50.1500589" lon="7.7379628"/><trkpt lat="50.150208" lon="7.7380746"/><trkpt lat="50.1503383" lon="7.7381496"/><trkpt lat="50.1504661" lon="7.7381964"/><trkpt lat="50.1505596" lon="7.7382079"/><trkpt lat="50.1506487" lon="7.7382059"/><trkpt lat="50.1507442" lon="7.7381908"/><trkpt lat="50.1508925" lon="7.7381426"/><trkpt lat="50.1514093" lon="7.7378726"/><trkpt lat="50.1514875" lon="7.7378412"/><trkpt lat="50.1516266" lon="7.7377922"/><trkpt lat="50.1516829" lon="7.7377528"/><trkpt lat="50.1517346" lon="7.7376927"/><trkpt lat="50.1518081" lon="7.7375441"/><trkpt lat="50.1519418" lon="7.7372848"/><trkpt lat="50.1520273" lon="7.7371608"/><trkpt lat="50.1520409" lon="7.7371458"/><trkpt lat="50.1520568" lon="7.7371384"/><trkpt lat="50.1520734" lon="7.7371396"/><trkpt lat="50.1520889" lon="7.737149"/><trkpt lat="50.1521016" lon="7.7371658"/><trkpt lat="50.1521102" lon="7.7371881"/><trkpt lat="50.1521136" lon="7.7372135"/><trkpt lat="50.1521116" lon="7.7372393"/><trkpt lat="50.1521043" lon="7.7372627"/><trkpt lat="50.1520926" lon="7.7372811"/><trkpt lat="50.1519969" lon="7.7374573"/><trkpt lat="50.1519483" lon="7.7375649"/><trkpt lat="50.1519012" lon="7.7377041"/><trkpt lat="50.1518718" lon="7.737776"/><trkpt lat="50.1518235" lon="7.737854"/><trkpt lat="50.1517091" lon="7.7379818"/><trkpt lat="50.1516116" lon="7.7380763"/><trkpt lat="50.1515984" lon="7.7380889"/><trkpt lat="50.1515884" lon="7.7381072"/><trkpt lat="50.1515825" lon="7.7381295"/><trkpt lat="50.1515813" lon="7.7381535"/><trkpt lat="50.151585" lon="7.738177"/><trkpt lat="50.1515931" lon="7.7381975"/><trkpt lat="50.1516049" lon="7.7382131"/><trkpt lat="50.1516192" lon="7.7382222"/><trkpt lat="50.1516346" lon="7.7382239"/><trkpt lat="50.1516496" lon="7.7382181"/><trkpt lat="50.1517089" lon="7.7381784"/><trkpt lat="50.1518148" lon="7.7380874"/><trkpt lat="50.1519294" lon="7.7379755"/><trkpt lat="50.1520563" lon="7.7378771"/><trkpt lat="50.1521807" lon="7.7378078"/><trkpt lat="50.1522667" lon="7.7377407"/><trkpt lat="50.1523374" lon="7.7376445"/><trkpt lat="50.1523801" lon="7.7375295"/><trkpt lat="50.1523949" lon="7.7374281"/><trkpt lat="50.1523956" lon="7.7372997"/><trkpt lat="50.1523878" lon="7.7371358"/><trkpt lat="50.152388" lon="7.7371083"/><trkpt lat="50.1523938" lon="7.7370823"/><trkpt lat="50.1524047" lon="7.7370606"/><trkpt lat="50.1524195" lon="7.7370456"/><trkpt lat="50.1524366" lon="7.7370388"/><trkpt lat="50.1524542" lon="7.737041"/><trkpt lat="50.1524704" lon="7.737052"/><trkpt lat="50.1524835" lon="7.7370705"/><trkpt lat="50.152492" lon="7.7370946"/><trkpt lat="50.1524952" lon="7.7371217"/><trkpt lat="50.1524829" lon="7.7373821"/><trkpt lat="50.1524742" lon="7.7375239"/><trkpt lat="50.1524545" lon="7.7376446"/><trkpt lat="50.1523926" lon="7.7377908"/><trkpt lat="50.152286" lon="7.7379785"/><trkpt lat="50.1521394" lon="7.7381422"/><trkpt lat="50.1520241" lon="7.7382475"/><trkpt lat="50.1519669" lon="7.7382974"/><trkpt lat="50.151952" lon="7.7383112"/><trkpt lat="50.151941" lon="7.738332"/><trkpt lat="50.1519351" lon="7.7383574"/><trkpt lat="50.151935" lon="7.7383845"/><trkpt lat="50.1519408" lon="7.7384099"/><trkpt lat="50.1519518" lon="7.7384309"/><trkpt lat="50.1519666" lon="7.7384448"/><trkpt lat="50.1519836" lon="7.7384501"/><trkpt lat="50.1520007" lon="7.7384462"/><trkpt lat="50.152016" lon="7.7384335"/><trkpt lat="50.1521135" lon="7.7383332"/><trkpt lat="50.1523063" lon="7.7381328"/><trkpt lat="50.1523688" lon="7.7380594"/><trkpt lat="50.1524432" lon="7.7379433"/><trkpt lat="50.1525181" lon="7.7378105"/><trkpt lat="50.1525902" lon="7.7376862"/><trkpt lat="50.1526289" lon="7.7375843"/><trkpt lat="50.1526429" lon="7.7374626"/><trkpt lat="50.1526457" lon="7.7373439"/><trkpt lat="50.1526495" lon="7.7372265"/><trkpt lat="50.1526473" lon="7.7369176"/><trkpt lat="50.1526469" lon="7.7367324"/><trkpt lat="50.1526731" lon="7.7365614"/><trkpt lat="50.1527109" lon="7.736391"/><trkpt lat="50.1527614" lon="7.7361965"/><trkpt lat="50.1528268" lon="7.7359955"/><trkpt lat="50.1528675" lon="7.7358902"/><trkpt lat="50.1529649" lon="7.7357239"/><trkpt lat="50.1531588" lon="7.7354321"/><trkpt lat="50.1532879" lon="7.7353257"/><trkpt lat="50.1533713" lon="7.7352723"/><trkpt lat="50.1536429" lon="7.7350629"/><trkpt lat="50.1537966" lon="7.7349874"/><trkpt lat="50.1538946" lon="7.7349362"/><trkpt lat="50.1539832" lon="7.7349244"/><trkpt lat="50.1540489" lon="7.7349353"/><trkpt lat="50.1541237" lon="7.7349692"/><trkpt lat="50.1541958" lon="7.7350277"/><trkpt lat="50.1542806" lon="7.7351304"/><trkpt lat="50.1544762" lon="7.7353823"/><trkpt lat="50.154576" lon="7.7354264"/><trkpt lat="50.1546706" lon="7.7354329"/><trkpt lat="50.1549481" lon="7.7353902"/><trkpt lat="50.1552428" lon="7.7353"/><trkpt lat="50.1552933" lon="7.7352738"/><trkpt lat="50.1554601" lon="7.735202"/><trkpt lat="50.1555209" lon="7.7351824"/><trkpt lat="50.1556191" lon="7.7351307"/><trkpt lat="50.1556678" lon="7.7350658"/><trkpt lat="50.1557233" lon="7.7350191"/><trkpt lat="50.155754" lon="7.7350179"/><trkpt lat="50.1557683" lon="7.7349722"/><trkpt lat="50.1558026" lon="7.7348767"/><trkpt lat="50.1558894" lon="7.7347286"/><trkpt lat="50.1559892" lon="7.7345996"/><trkpt lat="50.1560253" lon="7.7344039"/><trkpt lat="50.1560463" lon="7.73429"/><trkpt lat="50.1562028" lon="7.7339878"/><trkpt lat="50.1562361" lon="7.7339072"/><trkpt lat="50.1562636" lon="7.733762"/><trkpt lat="50.1562875" lon="7.733666"/><trkpt lat="50.1564884" lon="7.7332057"/><trkpt lat="50.1565009" lon="7.7331066"/><trkpt lat="50.1565099" lon="7.7330004"/><trkpt lat="50.1565834" lon="7.732703"/><trkpt lat="50.1566173" lon="7.732583"/><trkpt lat="50.1566276" lon="7.7323112"/><trkpt lat="50.1566429" lon="7.7320393"/><trkpt lat="50.15662" lon="7.731717"/><trkpt lat="50.1566076" lon="7.7311255"/><trkpt lat="50.1565921" lon="7.73079"/><trkpt lat="50.1565531" lon="7.7302761"/><trkpt lat="50.1565511" lon="7.7301955"/><trkpt lat="50.1565779" lon="7.7301561"/><trkpt lat="50.1566132" lon="7.730145"/><trkpt lat="50.1566297" lon="7.7301426"/><trkpt lat="50.1567851" lon="7.7301196"/><trkpt lat="50.1569984" lon="7.73013"/><trkpt lat="50.1570715" lon="7.7304025"/><trkpt lat="50.1570835" lon="7.7301737"/><trkpt lat="50.157096" lon="7.7299986"/><trkpt lat="50.1571017" lon="7.7298552"/><trkpt lat="50.1571028" lon="7.729696"/><trkpt lat="50.1571005" lon="7.7295544"/><trkpt lat="50.1570677" lon="7.7292925"/><trkpt lat="50.1570609" lon="7.7291492"/><trkpt lat="50.1570614" lon="7.7289997"/><trkpt lat="50.1570652" lon="7.7288021"/><trkpt lat="50.1570934" lon="7.728487"/><trkpt lat="50.1571184" lon="7.728299"/><trkpt lat="50.1571434" lon="7.728094"/><trkpt lat="50.1571759" lon="7.727723"/><trkpt lat="50.157202" lon="7.7273774"/><trkpt lat="50.157225" lon="7.7270273"/><trkpt lat="50.1572465" lon="7.7267286"/><trkpt lat="50.1572812" lon="7.726422"/><trkpt lat="50.1573485" lon="7.726051"/><trkpt lat="50.1574277" lon="7.7257359"/><trkpt lat="50.1574907" lon="7.7253937"/><trkpt lat="50.1575352" lon="7.7251938"/><trkpt lat="50.1575791" lon="7.7250391"/><trkpt lat="50.1576285" lon="7.724811"/><trkpt lat="50.1576578" lon="7.7245501"/><trkpt lat="50.1577012" lon="7.7242994"/><trkpt lat="50.1577349" lon="7.7241164"/><trkpt lat="50.1577468" lon="7.7239775"/><trkpt lat="50.1577542" lon="7.7238392"/><trkpt lat="50.1577587" lon="7.723576"/><trkpt lat="50.1577587" lon="7.7233524"/><trkpt lat="50.1577557" lon="7.723061"/><trkpt lat="50.1577403" lon="7.7227527"/><trkpt lat="50.1576978" lon="7.7224947"/><trkpt lat="50.1576708" lon="7.7223445"/><trkpt lat="50.1576577" lon="7.7222029"/><trkpt lat="50.1576559" lon="7.7218631"/><trkpt lat="50.1576639" lon="7.7216088"/><trkpt lat="50.1576842" lon="7.7213836"/><trkpt lat="50.1577268" lon="7.7211152"/><trkpt lat="50.1577672" lon="7.7208359"/><trkpt lat="50.1577515" lon="7.7205277"/><trkpt lat="50.1576777" lon="7.7202298"/><trkpt lat="50.1576234" lon="7.7199016"/><trkpt lat="50.1575804" lon="7.7195397"/><trkpt lat="50.157546" lon="7.7188473"/><trkpt lat="50.1575154" lon="7.7185849"/><trkpt lat="50.1574772" lon="7.7183534"/><trkpt lat="50.1574362" lon="7.7180613"/><trkpt lat="50.1573856" lon="7.7177525"/><trkpt lat="50.1571711" lon="7.716756"/><trkpt lat="50.1571484" lon="7.7166506"/><trkpt lat="50.1571421" lon="7.7165542"/><trkpt lat="50.1571374" lon="7.7162688"/><trkpt lat="50.1570874" lon="7.7161176"/><trkpt lat="50.1570535" lon="7.7160038"/><trkpt lat="50.1570388" lon="7.7158402"/><trkpt lat="50.1570556" lon="7.715559"/><trkpt lat="50.1570409" lon="7.7153326"/><trkpt lat="50.1570206" lon="7.7151985"/><trkpt lat="50.1570052" lon="7.7151472"/><trkpt lat="50.156978" lon="7.7150567"/><trkpt lat="50.1569142" lon="7.7149196"/><trkpt lat="50.1568876" lon="7.7148774"/><trkpt lat="50.1568093" lon="7.714753"/><trkpt lat="50.1566971" lon="7.7145995"/><trkpt lat="50.1565986" lon="7.7144662"/><trkpt lat="50.156508" lon="7.7143668"/><trkpt lat="50.1563707" lon="7.7142361"/><trkpt lat="50.1562497" lon="7.7141319"/><trkpt lat="50.1562258" lon="7.714111"/><trkpt lat="50.1562923" lon="7.7139332"/><trkpt lat="50.1563217" lon="7.7138547"/><trkpt lat="50.156364" lon="7.7137883"/><trkpt lat="50.1564092" lon="7.7137719"/><trkpt lat="50.1564468" lon="7.7137923"/><trkpt lat="50.156621" lon="7.7138883"/><trkpt lat="50.1566385" lon="7.7138237"/><trkpt lat="50.1566719" lon="7.7137002"/><trkpt lat="50.1566806" lon="7.713668"/><trkpt lat="50.1567628" lon="7.7137254"/><trkpt lat="50.1568317" lon="7.7137821"/><trkpt lat="50.1568999" lon="7.7138428"/><trkpt lat="50.1569648" lon="7.7139082"/><trkpt lat="50.1570304" lon="7.713984"/><trkpt lat="50.1570932" lon="7.7140632"/><trkpt lat="50.1571468" lon="7.7141372"/><trkpt lat="50.1571808" lon="7.7141973"/><trkpt lat="50.1572145" lon="7.7142634"/><trkpt lat="50.1572504" lon="7.7143493"/><trkpt lat="50.1573627" lon="7.7146962"/><trkpt lat="50.1573883" lon="7.7147777"/><trkpt lat="50.1575084" lon="7.7147278"/><trkpt lat="50.1576349" lon="7.7146473"/><trkpt lat="50.1576664" lon="7.7146393"/><trkpt lat="50.1577047" lon="7.7146903"/><trkpt lat="50.1577456" lon="7.7147544"/><trkpt lat="50.1577976" lon="7.7148251"/><trkpt lat="50.1578529" lon="7.714877"/><trkpt lat="50.1579238" lon="7.7149099"/><trkpt lat="50.1579738" lon="7.7149856"/><trkpt lat="50.158081" lon="7.715158"/><trkpt lat="50.1581494" lon="7.715291"/><trkpt lat="50.1582543" lon="7.7154119"/><trkpt lat="50.1583242" lon="7.7154417"/><trkpt lat="50.1583629" lon="7.7154737"/><trkpt lat="50.1583971" lon="7.715564"/><trkpt lat="50.1584334" lon="7.7156312"/><trkpt lat="50.1584962" lon="7.7156907"/><trkpt lat="50.1585626" lon="7.7158035"/><trkpt lat="50.1585966" lon="7.7159247"/><trkpt lat="50.1586076" lon="7.7160407"/><trkpt lat="50.1586088" lon="7.7161056"/><trkpt lat="50.1586559" lon="7.7161813"/><trkpt lat="50.1587064" lon="7.716217"/><trkpt lat="50.1587239" lon="7.7163051"/><trkpt lat="50.158779" lon="7.716369"/><trkpt lat="50.1588178" lon="7.7164631"/><trkpt lat="50.1588783" lon="7.716427"/><trkpt lat="50.1588601" lon="7.7163703"/><trkpt lat="50.1588694" lon="7.7162208"/><trkpt lat="50.1588641" lon="7.7160621"/><trkpt lat="50.1588798" lon="7.7160018"/><trkpt lat="50.158887" lon="7.7159553"/><trkpt lat="50.1589505" lon="7.715945"/><trkpt lat="50.1589577" lon="7.7158624"/><trkpt lat="50.1589672" lon="7.7157706"/><trkpt lat="50.1590126" lon="7.7157345"/><trkpt lat="50.1590152" lon="7.7156829"/><trkpt lat="50.1590073" lon="7.7155905"/><trkpt lat="50.1590339" lon="7.7153952"/><trkpt lat="50.1590941" lon="7.7152558"/><trkpt lat="50.1591092" lon="7.7151345"/><trkpt lat="50.1590971" lon="7.715052"/><trkpt lat="50.1591539" lon="7.7150024"/><trkpt lat="50.1591674" lon="7.7149091"/><trkpt lat="50.1592142" lon="7.7149728"/><trkpt lat="50.1592375" lon="7.7150378"/><trkpt lat="50.1592642" lon="7.7150162"/><trkpt lat="50.1592684" lon="7.7149457"/><trkpt lat="50.1592823" lon="7.7148999"/><trkpt lat="50.1593125" lon="7.7147943"/><trkpt lat="50.1593327" lon="7.7147065"/><trkpt lat="50.1593451" lon="7.7146029"/><trkpt lat="50.159348" lon="7.7144779"/><trkpt lat="50.1593407" lon="7.7143941"/><trkpt lat="50.1593276" lon="7.7143318"/><trkpt lat="50.1592998" lon="7.7142953"/><trkpt lat="50.1592771" lon="7.7142699"/><trkpt lat="50.1592429" lon="7.714246"/><trkpt lat="50.15922" lon="7.7142118"/><trkpt lat="50.159202" lon="7.7141594"/><trkpt lat="50.1591816" lon="7.7141047"/><trkpt lat="50.1591661" lon="7.7140818"/><trkpt lat="50.1591743" lon="7.7140128"/><trkpt lat="50.1591705" lon="7.713954"/><trkpt lat="50.1591733" lon="7.7138997"/><trkpt lat="50.1591733" lon="7.7138419"/><trkpt lat="50.1591895" lon="7.7137521"/><trkpt lat="50.1593518" lon="7.7136245"/><trkpt lat="50.1595027" lon="7.7136285"/><trkpt lat="50.1595128" lon="7.7136907"/><trkpt lat="50.1595401" lon="7.7137674"/><trkpt lat="50.1595823" lon="7.7138404"/><trkpt lat="50.1596238" lon="7.7138893"/><trkpt lat="50.1597162" lon="7.7139428"/><trkpt lat="50.1599013" lon="7.7139636"/><trkpt lat="50.1601673" lon="7.7139897"/><trkpt lat="50.1603207" lon="7.7139749"/><trkpt lat="50.1604445" lon="7.7139"/><trkpt lat="50.1605569" lon="7.7138425"/><trkpt lat="50.1607744" lon="7.7137311"/><trkpt lat="50.1608592" lon="7.713706"/><trkpt lat="50.1609182" lon="7.7136988"/><trkpt lat="50.1610522" lon="7.7137144"/><trkpt lat="50.1612001" lon="7.7137915"/><trkpt lat="50.1612965" lon="7.7138618"/><trkpt lat="50.1614117" lon="7.7139667"/><trkpt lat="50.1617011" lon="7.7141763"/><trkpt lat="50.1618651" lon="7.7143441"/><trkpt lat="50.1619909" lon="7.7144655"/><trkpt lat="50.1621475" lon="7.7146447"/><trkpt lat="50.162252" lon="7.7148632"/><trkpt lat="50.1623612" lon="7.7150949"/><trkpt lat="50.162541" lon="7.7154715"/><trkpt lat="50.1625999" lon="7.7155948"/><trkpt lat="50.1627104" lon="7.7158985"/><trkpt lat="50.1628281" lon="7.7162302"/><trkpt lat="50.1628502" lon="7.7162868"/><trkpt lat="50.1629288" lon="7.7161303"/><trkpt lat="50.1629638" lon="7.7155674"/><trkpt lat="50.1630146" lon="7.7148732"/><trkpt lat="50.1630119" lon="7.7144915"/><trkpt lat="50.1630094" lon="7.7142486"/><trkpt lat="50.1630215" lon="7.7140226"/><trkpt lat="50.1630162" lon="7.7136643"/><trkpt lat="50.1630041" lon="7.7134026"/><trkpt lat="50.1630135" lon="7.7132282"/><trkpt lat="50.1630396" lon="7.7130779"/><trkpt lat="50.1630921" lon="7.7129623"/><trkpt lat="50.1631608" lon="7.7128661"/><trkpt lat="50.1634304" lon="7.7126676"/><trkpt lat="50.163494" lon="7.7126272"/><trkpt lat="50.1635942" lon="7.7124184"/><trkpt lat="50.1636547" lon="7.7122487"/><trkpt lat="50.1637084" lon="7.7121349"/><trkpt lat="50.1637849" lon="7.7120359"/><trkpt lat="50.1638675" lon="7.7119842"/><trkpt lat="50.1640183" lon="7.7119543"/><trkpt lat="50.1641613" lon="7.7119417"/><trkpt lat="50.1642425" lon="7.7119323"/><trkpt lat="50.1642818" lon="7.7118955"/><trkpt lat="50.164301" lon="7.7118568"/><trkpt lat="50.1643165" lon="7.7118039"/><trkpt lat="50.1643402" lon="7.7117022"/><trkpt lat="50.1643711" lon="7.7115218"/><trkpt lat="50.1643986" lon="7.7113768"/><trkpt lat="50.1644374" lon="7.7112329"/><trkpt lat="50.1644888" lon="7.7110567"/><trkpt lat="50.1645431" lon="7.710904"/><trkpt lat="50.1645686" lon="7.710858"/><trkpt lat="50.1645995" lon="7.710819"/><trkpt lat="50.1646408" lon="7.7107957"/><trkpt lat="50.1646999" lon="7.7107923"/><trkpt lat="50.164808" lon="7.7107904"/><trkpt lat="50.1649119" lon="7.7107872"/><trkpt lat="50.1649874" lon="7.7107768"/><trkpt lat="50.1650727" lon="7.7107651"/><trkpt lat="50.1652366" lon="7.7107324"/><trkpt lat="50.1653529" lon="7.710724"/><trkpt lat="50.1654649" lon="7.710716"/><trkpt lat="50.1655779" lon="7.7107055"/><trkpt lat="50.1656673" lon="7.7106894"/><trkpt lat="50.1657963" lon="7.7106664"/><trkpt lat="50.165859" lon="7.7106512"/><trkpt lat="50.1662066" lon="7.7102886"/><trkpt lat="50.166337" lon="7.710114"/><trkpt lat="50.1664928" lon="7.7099062"/><trkpt lat="50.166625" lon="7.7098113"/><trkpt lat="50.166823" lon="7.7097746"/><trkpt lat="50.1670999" lon="7.7097245"/><trkpt lat="50.1674292" lon="7.7096653"/><trkpt lat="50.1675233" lon="7.7096569"/><trkpt lat="50.1677077" lon="7.7096419"/><trkpt lat="50.1678239" lon="7.7096419"/><trkpt lat="50.1678805" lon="7.7096215"/><trkpt lat="50.1679168" lon="7.7095893"/><trkpt lat="50.1679188" lon="7.7095875"/><trkpt lat="50.1679498" lon="7.7095061"/><trkpt lat="50.1679931" lon="7.7089807"/><trkpt lat="50.1680027" lon="7.7088132"/><trkpt lat="50.1680041" lon="7.7085597"/><trkpt lat="50.168017" lon="7.7084438"/><trkpt lat="50.1680942" lon="7.7080839"/><trkpt lat="50.1681121" lon="7.7080227"/><trkpt lat="50.1681368" lon="7.7078792"/><trkpt lat="50.1681527" lon="7.7077064"/><trkpt lat="50.1681584" lon="7.7074761"/><trkpt lat="50.1681594" lon="7.7073136"/><trkpt lat="50.1681733" lon="7.7071194"/><trkpt lat="50.1681863" lon="7.7069714"/><trkpt lat="50.1682026" lon="7.7067267"/><trkpt lat="50.1682441" lon="7.7066114"/><trkpt lat="50.1683023" lon="7.7064664"/><trkpt lat="50.1683197" lon="7.7064178"/><trkpt lat="50.1683473" lon="7.7063935"/><trkpt lat="50.1684016" lon="7.7063936"/><trkpt lat="50.1684981" lon="7.706451"/><trkpt lat="50.1687532" lon="7.7066775"/><trkpt lat="50.1692739" lon="7.7070115"/><trkpt lat="50.1695974" lon="7.7071281"/><trkpt lat="50.1697011" lon="7.7071856"/><trkpt lat="50.1698988" lon="7.7072739"/><trkpt lat="50.1700048" lon="7.7073319"/><trkpt lat="50.1701011" lon="7.7074179"/><trkpt lat="50.1701836" lon="7.7075059"/><trkpt lat="50.1702595" lon="7.7075604"/><trkpt lat="50.1703033" lon="7.707551"/><trkpt lat="50.170346" lon="7.707536"/><trkpt lat="50.1703998" lon="7.707474"/><trkpt lat="50.1704583" lon="7.7073658"/><trkpt lat="50.1705143" lon="7.7073097"/><trkpt lat="50.1706024" lon="7.707299"/><trkpt lat="50.1707304" lon="7.7072882"/><trkpt lat="50.1708212" lon="7.7072925"/><trkpt lat="50.1708734" lon="7.7072796"/><trkpt lat="50.1709378" lon="7.7072128"/><trkpt lat="50.1709784" lon="7.7071132"/><trkpt lat="50.1710207" lon="7.7068994"/><trkpt lat="50.1710611" lon="7.7066093"/><trkpt lat="50.1710771" lon="7.7064827"/><trkpt lat="50.1710771" lon="7.7063796"/><trkpt lat="50.1710647" lon="7.7062292"/><trkpt lat="50.1710353" lon="7.7061123"/><trkpt lat="50.1707256" lon="7.7056484"/><trkpt lat="50.1706629" lon="7.7055483"/><trkpt lat="50.170643" lon="7.7055159"/><trkpt lat="50.1706299" lon="7.7054667"/><trkpt lat="50.1706394" lon="7.7053923"/><trkpt lat="50.1706488" lon="7.7053151"/><trkpt lat="50.1706617" lon="7.7052169"/><trkpt lat="50.1706663" lon="7.7051328"/><trkpt lat="50.1706819" lon="7.7050933"/><trkpt lat="50.1708193" lon="7.7050237"/><trkpt lat="50.1708547" lon="7.704963"/><trkpt lat="50.1709373" lon="7.7048305"/><trkpt lat="50.1709592" lon="7.7047622"/><trkpt lat="50.1709582" lon="7.7046711"/><trkpt lat="50.1709435" lon="7.7045881"/><trkpt lat="50.1709268" lon="7.7045173"/><trkpt lat="50.1705799" lon="7.7040929"/><trkpt lat="50.1704197" lon="7.7038898"/><trkpt lat="50.1702645" lon="7.7037036"/><trkpt lat="50.1701652" lon="7.7035612"/><trkpt lat="50.1700983" lon="7.7034259"/><trkpt lat="50.1700763" lon="7.7033524"/><trkpt lat="50.1700514" lon="7.703127"/><trkpt lat="50.1700702" lon="7.7029447"/><trkpt lat="50.1701005" lon="7.7028437"/><trkpt lat="50.1701996" lon="7.7026074"/><trkpt lat="50.1702462" lon="7.702465"/><trkpt lat="50.1703798" lon="7.7019716"/><trkpt lat="50.1704906" lon="7.7015156"/><trkpt lat="50.1705559" lon="7.7013766"/><trkpt lat="50.1706522" lon="7.7012327"/><trkpt lat="50.1707375" lon="7.7011661"/><trkpt lat="50.1708468" lon="7.70106"/><trkpt lat="50.1710145" lon="7.7010464"/><trkpt lat="50.171139" lon="7.7007872"/><trkpt lat="50.1711729" lon="7.7006538"/><trkpt lat="50.1712111" lon="7.7004284"/><trkpt lat="50.1712277" lon="7.7003359"/><trkpt lat="50.1712421" lon="7.7002281"/><trkpt lat="50.1712576" lon="7.700139"/><trkpt lat="50.1712787" lon="7.7000861"/><trkpt lat="50.1713171" lon="7.6999868"/><trkpt lat="50.1714375" lon="7.6998922"/><trkpt lat="50.1715672" lon="7.6997388"/><trkpt lat="50.1715814" lon="7.6996321"/><trkpt lat="50.1715724" lon="7.6995238"/><trkpt lat="50.1715711" lon="7.6994479"/><trkpt lat="50.1715817" lon="7.6993778"/><trkpt lat="50.1715522" lon="7.6992549"/><trkpt lat="50.1715148" lon="7.6991789"/><trkpt lat="50.1715823" lon="7.6990702"/><trkpt lat="50.1716325" lon="7.6989176"/><trkpt lat="50.1716062" lon="7.6988347"/><trkpt lat="50.1715703" lon="7.6987901"/><trkpt lat="50.171599" lon="7.6987341"/><trkpt lat="50.1716948" lon="7.6986663"/><trkpt lat="50.1717015" lon="7.698451"/><trkpt lat="50.1717409" lon="7.6982658"/><trkpt lat="50.1717209" lon="7.6981061"/><trkpt lat="50.17175" lon="7.6981195"/><trkpt lat="50.171775" lon="7.6980933"/><trkpt lat="50.1717762" lon="7.6979648"/><trkpt lat="50.1716958" lon="7.6978117"/><trkpt lat="50.1717" lon="7.6976816"/><trkpt lat="50.1717972" lon="7.6977049"/><trkpt lat="50.1719411" lon="7.6978745"/><trkpt lat="50.1718426" lon="7.6976137"/><trkpt lat="50.1717894" lon="7.6974235"/><trkpt lat="50.1719551" lon="7.6975199"/><trkpt lat="50.1718135" lon="7.6971811"/><trkpt lat="50.171962" lon="7.6972392"/><trkpt lat="50.1718292" lon="7.6970351"/><trkpt lat="50.1720329" lon="7.6971062"/><trkpt lat="50.1719088" lon="7.6968733"/><trkpt lat="50.1719054" lon="7.6967711"/><trkpt lat="50.1720109" lon="7.6968898"/><trkpt lat="50.1719595" lon="7.6967291"/><trkpt lat="50.1722007" lon="7.6969944"/><trkpt lat="50.1722128" lon="7.6970011"/><trkpt lat="50.1722221" lon="7.6969904"/><trkpt lat="50.1721918" lon="7.696761"/><trkpt lat="50.1720863" lon="7.6965618"/><trkpt lat="50.1721281" lon="7.6965728"/><trkpt lat="50.1721648" lon="7.6966561"/><trkpt lat="50.1722192" lon="7.6967704"/><trkpt lat="50.1722274" lon="7.6967791"/><trkpt lat="50.1722329" lon="7.6967684"/><trkpt lat="50.1721604" lon="7.6965015"/><trkpt lat="50.1721632" lon="7.6964948"/><trkpt lat="50.1721692" lon="7.6964969"/><trkpt lat="50.1722836" lon="7.6968186"/><trkpt lat="50.1722987" lon="7.696806"/><trkpt lat="50.1722934" lon="7.6967637"/><trkpt lat="50.1721996" lon="7.6964513"/><trkpt lat="50.1720915" lon="7.6961896"/><trkpt lat="50.1721094" lon="7.6961597"/><trkpt lat="50.1721257" lon="7.6961953"/><trkpt lat="50.1723125" lon="7.6966024"/><trkpt lat="50.1723902" lon="7.6967587"/><trkpt lat="50.1724456" lon="7.6968376"/><trkpt lat="50.172502" lon="7.6968919"/><trkpt lat="50.1725832" lon="7.6969555"/><trkpt lat="50.1726705" lon="7.6969931"/><trkpt lat="50.1728134" lon="7.6969683"/><trkpt lat="50.1728591" lon="7.6969236"/><trkpt lat="50.1728966" lon="7.6968563"/><trkpt lat="50.1729704" lon="7.696702"/><trkpt lat="50.1730492" lon="7.6965893"/><trkpt lat="50.173101" lon="7.6965513"/><trkpt lat="50.1731528" lon="7.6965419"/><trkpt lat="50.1732498" lon="7.6965602"/><trkpt lat="50.173444" lon="7.6966382"/><trkpt lat="50.1736216" lon="7.6967639"/><trkpt lat="50.1737112" lon="7.6968584"/><trkpt lat="50.1738069" lon="7.6968292"/><trkpt lat="50.173742" lon="7.6967433"/><trkpt lat="50.1736385" lon="7.6966274"/><trkpt lat="50.1735486" lon="7.6965217"/><trkpt lat="50.1734306" lon="7.6964108"/><trkpt lat="50.1733196" lon="7.6963103"/><trkpt lat="50.1732427" lon="7.6962771"/><trkpt lat="50.1732555" lon="7.6961779"/><trkpt lat="50.1733635" lon="7.6962139"/><trkpt lat="50.173454" lon="7.6962317"/><trkpt lat="50.1735587" lon="7.6962506"/><trkpt lat="50.1736995" lon="7.6963464"/><trkpt lat="50.1737943" lon="7.6964482"/><trkpt lat="50.1738318" lon="7.6964333"/><trkpt lat="50.1738335" lon="7.6963694"/><trkpt lat="50.173799" lon="7.6963133"/><trkpt lat="50.1736529" lon="7.6962219"/><trkpt lat="50.1735101" lon="7.6960369"/><trkpt lat="50.1734338" lon="7.6959513"/><trkpt lat="50.1732371" lon="7.6958391"/><trkpt lat="50.1731771" lon="7.6958144"/><trkpt lat="50.1731989" lon="7.6957242"/><trkpt lat="50.1732512" lon="7.6957182"/><trkpt lat="50.173304" lon="7.6957289"/><trkpt lat="50.1734052" lon="7.6957948"/><trkpt lat="50.1735721" lon="7.6958834"/><trkpt lat="50.1737413" lon="7.6959437"/><trkpt lat="50.1738683" lon="7.6959706"/><trkpt lat="50.1738935" lon="7.695926"/><trkpt lat="50.1738719" lon="7.6958622"/><trkpt lat="50.1738079" lon="7.6958246"/><trkpt lat="50.1735869" lon="7.6956902"/><trkpt lat="50.1734517" lon="7.6955944"/><trkpt lat="50.1733364" lon="7.6954888"/><trkpt lat="50.1733117" lon="7.6954048"/><trkpt lat="50.1733416" lon="7.6953533"/><trkpt lat="50.1734195" lon="7.6954348"/><trkpt lat="50.1735954" lon="7.6954911"/><trkpt lat="50.1737522" lon="7.6955707"/><trkpt lat="50.1738544" lon="7.6956473"/><trkpt lat="50.1738996" lon="7.6956517"/><trkpt lat="50.1739154" lon="7.6956097"/><trkpt lat="50.1739019" lon="7.6955683"/><trkpt lat="50.1736457" lon="7.695399"/><trkpt lat="50.1736112" lon="7.6953605"/><trkpt lat="50.173565" lon="7.6953063"/><trkpt lat="50.1734606" lon="7.6952295"/><trkpt lat="50.1733838" lon="7.6950741"/><trkpt lat="50.1733267" lon="7.6950404"/><trkpt lat="50.173252" lon="7.695053"/><trkpt lat="50.1731788" lon="7.6950465"/><trkpt lat="50.1731341" lon="7.6949669"/><trkpt lat="50.1732113" lon="7.6949273"/><trkpt lat="50.1733012" lon="7.6949722"/><trkpt lat="50.1734364" lon="7.6950349"/><trkpt lat="50.1735481" lon="7.6951001"/><trkpt lat="50.1736364" lon="7.6950938"/><trkpt lat="50.1737307" lon="7.6950756"/><trkpt lat="50.1738748" lon="7.6949978"/><trkpt lat="50.1739561" lon="7.6949365"/><trkpt lat="50.1740659" lon="7.694877"/><trkpt lat="50.1741116" lon="7.6948705"/><trkpt lat="50.1741707" lon="7.6948714"/><trkpt lat="50.1742001" lon="7.6948489"/><trkpt lat="50.1741845" lon="7.6947396"/><trkpt lat="50.1740881" lon="7.6947553"/><trkpt lat="50.1740287" lon="7.6947671"/><trkpt lat="50.1739583" lon="7.6947904"/><trkpt lat="50.1738408" lon="7.6948446"/><trkpt lat="50.1737485" lon="7.694884"/><trkpt lat="50.1736919" lon="7.6948915"/><trkpt lat="50.1736364" lon="7.6948869"/><trkpt lat="50.1735367" lon="7.6948525"/><trkpt lat="50.1734476" lon="7.6947921"/><trkpt lat="50.173372" lon="7.6947246"/><trkpt lat="50.1733234" lon="7.6946812"/><trkpt lat="50.1731958" lon="7.6945361"/><trkpt lat="50.1730664" lon="7.6943601"/><trkpt lat="50.1730111" lon="7.694274"/><trkpt lat="50.1729745" lon="7.6941924"/><trkpt lat="50.1729486" lon="7.6940997"/><trkpt lat="50.1728902" lon="7.6938117"/><trkpt lat="50.1728357" lon="7.6936534"/><trkpt lat="50.1727689" lon="7.6935261"/><trkpt lat="50.1728108" lon="7.6934618"/><trkpt lat="50.1729362" lon="7.6934279"/><trkpt lat="50.1729858" lon="7.6934371"/><trkpt lat="50.1730098" lon="7.6934466"/><trkpt lat="50.173038" lon="7.6934683"/><trkpt lat="50.1730619" lon="7.693498"/><trkpt lat="50.1731976" lon="7.6936758"/><trkpt lat="50.1733419" lon="7.6938819"/><trkpt lat="50.1734395" lon="7.6939755"/><trkpt lat="50.1735494" lon="7.6940628"/><trkpt lat="50.1736092" lon="7.6941013"/><trkpt lat="50.1736723" lon="7.6941271"/><trkpt lat="50.1737805" lon="7.6941407"/><trkpt lat="50.1738939" lon="7.6941296"/><trkpt lat="50.1740497" lon="7.6940792"/><trkpt lat="50.1742107" lon="7.6940097"/><trkpt lat="50.1744171" lon="7.6938688"/><trkpt lat="50.1745239" lon="7.6937794"/><trkpt lat="50.1746588" lon="7.6936641"/><trkpt lat="50.1749556" lon="7.6934127"/><trkpt lat="50.1751247" lon="7.6932783"/><trkpt lat="50.1753246" lon="7.6931463"/><trkpt lat="50.1754689" lon="7.6930852"/><trkpt lat="50.1756147" lon="7.6930582"/><trkpt lat="50.1757006" lon="7.6930375"/><trkpt lat="50.1757632" lon="7.6929957"/><trkpt lat="50.1757809" lon="7.6929524"/><trkpt lat="50.1757662" lon="7.6929024"/><trkpt lat="50.1757208" lon="7.6928837"/><trkpt lat="50.1756557" lon="7.6928941"/><trkpt lat="50.1755791" lon="7.6929303"/><trkpt lat="50.1754743" lon="7.6929284"/><trkpt lat="50.1753276" lon="7.6929073"/><trkpt lat="50.1752167" lon="7.6928988"/><trkpt lat="50.1750899" lon="7.6929356"/><trkpt lat="50.1749854" lon="7.6930047"/><trkpt lat="50.1748968" lon="7.6930433"/><trkpt lat="50.1747732" lon="7.6931279"/><trkpt lat="50.1745459" lon="7.6932831"/><trkpt lat="50.1744895" lon="7.6933134"/><trkpt lat="50.1744116" lon="7.6933547"/><trkpt lat="50.1742725" lon="7.6933916"/><trkpt lat="50.1741562" lon="7.6933686"/><trkpt lat="50.174066" lon="7.693303"/><trkpt lat="50.1739522" lon="7.6931559"/><trkpt lat="50.1738797" lon="7.6930067"/><trkpt lat="50.1738201" lon="7.6928658"/><trkpt lat="50.1737339" lon="7.6927129"/><trkpt lat="50.1735483" lon="7.6924717"/><trkpt lat="50.1736777" lon="7.6924678"/><trkpt lat="50.1738187" lon="7.692492"/><trkpt lat="50.1739238" lon="7.6924786"/><trkpt lat="50.1740113" lon="7.6924974"/><trkpt lat="50.1741431" lon="7.692492"/><trkpt lat="50.1742264" lon="7.6924595"/><trkpt lat="50.1743288" lon="7.6924676"/><trkpt lat="50.1744047" lon="7.6924149"/><trkpt lat="50.1745229" lon="7.6923387"/><trkpt lat="50.1745419" lon="7.6923394"/><trkpt lat="50.174568" lon="7.6923314"/><trkpt lat="50.1746496" lon="7.6922375"/><trkpt lat="50.1747849" lon="7.6920372"/><trkpt lat="50.1750077" lon="7.6919049"/><trkpt lat="50.1751498" lon="7.6918392"/><trkpt lat="50.1752734" lon="7.6916239"/><trkpt lat="50.1753881" lon="7.6914785"/><trkpt lat="50.1754672" lon="7.6914275"/><trkpt lat="50.1755502" lon="7.6914195"/><trkpt lat="50.1756945" lon="7.6914411"/><trkpt lat="50.1758746" lon="7.6914978"/><trkpt lat="50.1760026" lon="7.6915195"/><trkpt lat="50.1760521" lon="7.691516"/><trkpt lat="50.1761002" lon="7.691449"/><trkpt lat="50.1761602" lon="7.6913137"/><trkpt lat="50.1762789" lon="7.6911378"/><trkpt lat="50.1763347" lon="7.6910828"/><trkpt lat="50.1764001" lon="7.6910485"/><trkpt lat="50.1764378" lon="7.6910265"/><trkpt lat="50.1764656" lon="7.6909904"/><trkpt lat="50.1764618" lon="7.6909447"/><trkpt lat="50.1764489" lon="7.6909178"/><trkpt lat="50.176406" lon="7.6909138"/><trkpt lat="50.1763492" lon="7.6909543"/><trkpt lat="50.1762742" lon="7.6910293"/><trkpt lat="50.176187" lon="7.6911154"/><trkpt lat="50.1760976" lon="7.6911924"/><trkpt lat="50.1760414" lon="7.6912069"/><trkpt lat="50.1759846" lon="7.6912034"/><trkpt lat="50.1758937" lon="7.6911908"/><trkpt lat="50.1757494" lon="7.6911153"/><trkpt lat="50.1755934" lon="7.6909628"/><trkpt lat="50.1755248" lon="7.6909259"/><trkpt lat="50.1754569" lon="7.6909117"/><trkpt lat="50.1753693" lon="7.6909219"/><trkpt lat="50.175292" lon="7.6909447"/><trkpt lat="50.1751368" lon="7.6910621"/><trkpt lat="50.1750194" lon="7.6911746"/><trkpt lat="50.1749648" lon="7.6911995"/><trkpt lat="50.1748861" lon="7.6912039"/><trkpt lat="50.1748093" lon="7.6911807"/><trkpt lat="50.1747427" lon="7.6911539"/><trkpt lat="50.1746564" lon="7.6910681"/><trkpt lat="50.1745823" lon="7.6909741"/><trkpt lat="50.1742226" lon="7.6904322"/><trkpt lat="50.1741744" lon="7.6903256"/><trkpt lat="50.1741832" lon="7.6902862"/><trkpt lat="50.1742092" lon="7.6902757"/><trkpt lat="50.1742878" lon="7.6904038"/><trkpt lat="50.1744813" lon="7.6906151"/><trkpt lat="50.1746945" lon="7.6907653"/><trkpt lat="50.1748499" lon="7.6908185"/><trkpt lat="50.1749453" lon="7.690778"/><trkpt lat="50.1750504" lon="7.6907123"/><trkpt lat="50.175318" lon="7.6904108"/><trkpt lat="50.17547" lon="7.6903105"/><trkpt lat="50.1757672" lon="7.690262"/><trkpt lat="50.1759038" lon="7.6902911"/><trkpt lat="50.1759654" lon="7.6902741"/><trkpt lat="50.1760331" lon="7.6902172"/><trkpt lat="50.1762146" lon="7.6900197"/><trkpt lat="50.1764051" lon="7.6895741"/><trkpt lat="50.1766229" lon="7.6891847"/><trkpt lat="50.1768088" lon="7.6886433"/><trkpt lat="50.1768332" lon="7.6885466"/><trkpt lat="50.1768828" lon="7.6885155"/><trkpt lat="50.1769488" lon="7.6884722"/><trkpt lat="50.1769932" lon="7.688407"/><trkpt lat="50.1771038" lon="7.6883612"/><trkpt lat="50.1771442" lon="7.6883146"/><trkpt lat="50.1771887" lon="7.6882874"/><trkpt lat="50.1772899" lon="7.688128"/><trkpt lat="50.1773445" lon="7.6880947"/><trkpt lat="50.1774049" lon="7.6881444"/><trkpt lat="50.177438" lon="7.6882377"/><trkpt lat="50.1774989" lon="7.6884311"/><trkpt lat="50.177567" lon="7.6886383"/><trkpt lat="50.1776069" lon="7.6888347"/><trkpt lat="50.1776679" lon="7.6889651"/><trkpt lat="50.1777151" lon="7.6890088"/><trkpt lat="50.177775" lon="7.689043"/><trkpt lat="50.177853" lon="7.689053"/><trkpt lat="50.1780201" lon="7.6890873"/><trkpt lat="50.1781452" lon="7.6891503"/><trkpt lat="50.1782706" lon="7.6892522"/><trkpt lat="50.1783376" lon="7.6893809"/><trkpt lat="50.1783925" lon="7.6895767"/><trkpt lat="50.1784664" lon="7.6899523"/><trkpt lat="50.1785248" lon="7.6902151"/><trkpt lat="50.1786387" lon="7.6904149"/><trkpt lat="50.1786433" lon="7.6903653"/><trkpt lat="50.1786313" lon="7.6903076"/><trkpt lat="50.1786169" lon="7.6902636"/><trkpt lat="50.1785935" lon="7.6899844"/><trkpt lat="50.1785999" lon="7.6897123"/><trkpt lat="50.1786116" lon="7.6893695"/><trkpt lat="50.1785927" lon="7.6889403"/><trkpt lat="50.1785068" lon="7.6882644"/><trkpt lat="50.1785051" lon="7.6878245"/><trkpt lat="50.1785277" lon="7.6877321"/><trkpt lat="50.1785667" lon="7.6877223"/><trkpt lat="50.1787182" lon="7.6876287"/><trkpt lat="50.1788013" lon="7.687576"/><trkpt lat="50.1789297" lon="7.6874903"/><trkpt lat="50.1789708" lon="7.6874514"/><trkpt lat="50.178998" lon="7.6874176"/><trkpt lat="50.1790547" lon="7.6874169"/><trkpt lat="50.1790766" lon="7.6874042"/><trkpt lat="50.1791028" lon="7.6873867"/><trkpt lat="50.1791471" lon="7.6873476"/><trkpt lat="50.1792485" lon="7.6872646"/><trkpt lat="50.1793171" lon="7.6872109"/><trkpt lat="50.1793862" lon="7.6871773"/><trkpt lat="50.1794522" lon="7.6871636"/><trkpt lat="50.1794972" lon="7.6871608"/><trkpt lat="50.1795395" lon="7.6871851"/><trkpt lat="50.1796038" lon="7.6872276"/><trkpt lat="50.1796483" lon="7.6872513"/><trkpt lat="50.1796967" lon="7.6872686"/><trkpt lat="50.1797473" lon="7.6872726"/><trkpt lat="50.1798044" lon="7.6872695"/><trkpt lat="50.1802371" lon="7.6871007"/><trkpt lat="50.1805565" lon="7.686959"/><trkpt lat="50.1810308" lon="7.6867667"/><trkpt lat="50.1811553" lon="7.6867166"/><trkpt lat="50.1815182" lon="7.6865708"/><trkpt lat="50.1821485" lon="7.6863749"/><trkpt lat="50.1823463" lon="7.6861687"/><trkpt lat="50.1824837" lon="7.68592"/><trkpt lat="50.1826596" lon="7.6857484"/><trkpt lat="50.1828098" lon="7.6856676"/><trkpt lat="50.1829959" lon="7.6856418"/><trkpt lat="50.1833515" lon="7.6856876"/><trkpt lat="50.1836314" lon="7.685746"/><trkpt lat="50.1838261" lon="7.6857942"/><trkpt lat="50.1842449" lon="7.6859147"/><trkpt lat="50.1845324" lon="7.6859539"/><trkpt lat="50.1847107" lon="7.6860094"/><trkpt lat="50.1848127" lon="7.6860398"/><trkpt lat="50.1853373" lon="7.6862044"/><trkpt lat="50.1858999" lon="7.6863189"/><trkpt lat="50.1859613" lon="7.6863316"/><trkpt lat="50.1868155" lon="7.6865088"/><trkpt lat="50.1876009" lon="7.6866867"/><trkpt lat="50.1877194" lon="7.6867104"/><trkpt lat="50.1878382" lon="7.6867197"/><trkpt lat="50.1879876" lon="7.6867104"/><trkpt lat="50.1881241" lon="7.6866961"/><trkpt lat="50.1885251" lon="7.6866293"/><trkpt lat="50.1888813" lon="7.68659"/><trkpt lat="50.1896597" lon="7.6864907"/><trkpt lat="50.1901479" lon="7.6864093"/><trkpt lat="50.1907113" lon="7.6863279"/><trkpt lat="50.1909014" lon="7.6863197"/><trkpt lat="50.1909977" lon="7.6863516"/><trkpt lat="50.1911076" lon="7.6864089"/><trkpt lat="50.1915475" lon="7.6866423"/><trkpt lat="50.1915513" lon="7.6865876"/><trkpt lat="50.1915845" lon="7.6865816"/><trkpt lat="50.191778" lon="7.6865117"/><trkpt lat="50.1919937" lon="7.6864306"/><trkpt lat="50.1922746" lon="7.6862438"/><trkpt lat="50.1924727" lon="7.6861085"/><trkpt lat="50.1927879" lon="7.6858667"/><trkpt lat="50.193019" lon="7.6856845"/><trkpt lat="50.193154" lon="7.6855936"/><trkpt lat="50.1933923" lon="7.6855489"/><trkpt lat="50.1935267" lon="7.6855567"/><trkpt lat="50.1937224" lon="7.6855529"/><trkpt lat="50.1941393" lon="7.6855453"/><trkpt lat="50.1949096" lon="7.6853374"/><trkpt lat="50.1956245" lon="7.6849298"/><trkpt lat="50.1955327" lon="7.6846134"/><trkpt lat="50.1954274" lon="7.6842434"/><trkpt lat="50.1953889" lon="7.6840997"/><trkpt lat="50.1955507" lon="7.6840849"/><trkpt lat="50.1956486" lon="7.6840905"/><trkpt lat="50.1957398" lon="7.6841067"/><trkpt lat="50.1958018" lon="7.6840891"/><trkpt lat="50.1958296" lon="7.6840783"/><trkpt lat="50.1959078" lon="7.6840477"/><trkpt lat="50.1960369" lon="7.6839974"/><trkpt lat="50.1961003" lon="7.6839475"/><trkpt lat="50.1961699" lon="7.6838732"/><trkpt lat="50.1963424" lon="7.6836297"/><trkpt lat="50.1965914" lon="7.6832686"/><trkpt lat="50.1965607" lon="7.6831478"/><trkpt lat="50.1965233" lon="7.6829868"/><trkpt lat="50.1964967" lon="7.6828422"/><trkpt lat="50.1965004" lon="7.6827698"/><trkpt lat="50.1965177" lon="7.682701"/><trkpt lat="50.1965467" lon="7.6826323"/><trkpt lat="50.1965929" lon="7.6825791"/><trkpt lat="50.1967699" lon="7.6824183"/><trkpt lat="50.1969088" lon="7.6822119"/><trkpt lat="50.1971037" lon="7.6818404"/><trkpt lat="50.1973649" lon="7.6813289"/><trkpt lat="50.1975108" lon="7.6810269"/><trkpt lat="50.1976488" lon="7.6807554"/><trkpt lat="50.1978594" lon="7.6803577"/><trkpt lat="50.1980875" lon="7.6799896"/><trkpt lat="50.1982196" lon="7.6798028"/><trkpt lat="50.1983844" lon="7.6795882"/><trkpt lat="50.1985532" lon="7.6793891"/><trkpt lat="50.1987265" lon="7.6792064"/><trkpt lat="50.1990581" lon="7.6788867"/><trkpt lat="50.1990724" lon="7.6782705"/><trkpt lat="50.1991144" lon="7.6778837"/><trkpt lat="50.1991208" lon="7.6778054"/><trkpt lat="50.1991217" lon="7.6777392"/><trkpt lat="50.1990896" lon="7.6774129"/><trkpt lat="50.1990715" lon="7.6771748"/><trkpt lat="50.1990541" lon="7.6769297"/><trkpt lat="50.1990358" lon="7.6764599"/><trkpt lat="50.199029" lon="7.6761745"/><trkpt lat="50.1989739" lon="7.674815"/><trkpt lat="50.1996865" lon="7.6740662"/><trkpt lat="50.2003109" lon="7.6734478"/><trkpt lat="50.2003885" lon="7.6733433"/><trkpt lat="50.2004572" lon="7.6732106"/><trkpt lat="50.2007505" lon="7.6721831"/><trkpt lat="50.2010399" lon="7.6711173"/><trkpt lat="50.2015063" lon="7.67055"/><trkpt lat="50.2023744" lon="7.6695033"/><trkpt lat="50.20312" lon="7.6685887"/><trkpt lat="50.2047258" lon="7.666651"/><trkpt lat="50.2048523" lon="7.6665014"/><trkpt lat="50.2049502" lon="7.666385"/><trkpt lat="50.205068" lon="7.666245"/><trkpt lat="50.2051167" lon="7.6661299"/><trkpt lat="50.2051756" lon="7.6660895"/><trkpt lat="50.2052839" lon="7.6659627"/><trkpt lat="50.2053403" lon="7.6658913"/><trkpt lat="50.2053897" lon="7.6658902"/><trkpt lat="50.2056399" lon="7.6660161"/><trkpt lat="50.2056765" lon="7.6660345"/><trkpt lat="50.2057761" lon="7.6654646"/><trkpt lat="50.2057675" lon="7.6653582"/><trkpt lat="50.2055804" lon="7.6649669"/><trkpt lat="50.2055576" lon="7.6648769"/><trkpt lat="50.2055761" lon="7.6647637"/><trkpt lat="50.2056564" lon="7.6645242"/><trkpt lat="50.2056904" lon="7.6644273"/><trkpt lat="50.2057423" lon="7.6643032"/><trkpt lat="50.2057894" lon="7.6641696"/><trkpt lat="50.2058447" lon="7.6639782"/><trkpt lat="50.2058911" lon="7.663846"/><trkpt lat="50.2059567" lon="7.6637477"/><trkpt lat="50.2060456" lon="7.663676"/><trkpt lat="50.2061306" lon="7.6636523"/><trkpt lat="50.2063036" lon="7.6636798"/><trkpt lat="50.2063369" lon="7.663688"/><trkpt lat="50.2064978" lon="7.6637275"/><trkpt lat="50.2066174" lon="7.6637758"/><trkpt lat="50.2066426" lon="7.663538"/><trkpt lat="50.2066503" lon="7.6634652"/><trkpt lat="50.2066691" lon="7.6632283"/><trkpt lat="50.206685" lon="7.6630599"/><trkpt lat="50.2067199" lon="7.6627182"/><trkpt lat="50.2067234" lon="7.6624895"/><trkpt lat="50.2067213" lon="7.6623115"/><trkpt lat="50.2067076" lon="7.6621402"/><trkpt lat="50.20669" lon="7.6619292"/><trkpt lat="50.2066614" lon="7.6617428"/><trkpt lat="50.2066296" lon="7.6616358"/><trkpt lat="50.2066222" lon="7.6616078"/><trkpt lat="50.2065137" lon="7.6611006"/><trkpt lat="50.206393" lon="7.6603507"/><trkpt lat="50.2062206" lon="7.659311"/><trkpt lat="50.2061863" lon="7.6590229"/><trkpt lat="50.2061681" lon="7.6587327"/><trkpt lat="50.2061542" lon="7.6583915"/><trkpt lat="50.2061456" lon="7.6579044"/><trkpt lat="50.2061474" lon="7.6576186"/><trkpt lat="50.2061576" lon="7.657365"/><trkpt lat="50.2061802" lon="7.6571289"/><trkpt lat="50.2061978" lon="7.6569256"/><trkpt lat="50.2062904" lon="7.6559586"/><trkpt lat="50.2063058" lon="7.6558467"/><trkpt lat="50.2063268" lon="7.6557424"/><trkpt lat="50.2065054" lon="7.6549906"/><trkpt lat="50.2065578" lon="7.654796"/><trkpt lat="50.2066011" lon="7.6546727"/><trkpt lat="50.2066519" lon="7.654548"/><trkpt lat="50.2067553" lon="7.6543275"/><trkpt lat="50.2069119" lon="7.6540013"/><trkpt lat="50.2070163" lon="7.6537984"/><trkpt lat="50.207063" lon="7.6537329"/><trkpt lat="50.2071013" lon="7.6537026"/><trkpt lat="50.2071338" lon="7.6536909"/><trkpt lat="50.2072214" lon="7.6536732"/><trkpt lat="50.2072744" lon="7.6536513"/><trkpt lat="50.2073146" lon="7.6536283"/><trkpt lat="50.2073429" lon="7.6535907"/><trkpt lat="50.207373" lon="7.6535344"/><trkpt lat="50.2074674" lon="7.6532259"/><trkpt lat="50.2075671" lon="7.6529297"/><trkpt lat="50.2076098" lon="7.6528236"/><trkpt lat="50.2076562" lon="7.6527244"/><trkpt lat="50.2078978" lon="7.652318"/><trkpt lat="50.2081793" lon="7.6518392"/><trkpt lat="50.2082773" lon="7.6516536"/><trkpt lat="50.2083074" lon="7.6515793"/><trkpt lat="50.2083284" lon="7.651501"/><trkpt lat="50.2083447" lon="7.6514229"/><trkpt lat="50.2083499" lon="7.6513566"/><trkpt lat="50.2083481" lon="7.6513231"/><trkpt lat="50.2083466" lon="7.651296"/><trkpt lat="50.2083372" lon="7.6512246"/><trkpt lat="50.2083196" lon="7.6511596"/><trkpt lat="50.2082415" lon="7.6509493"/><trkpt lat="50.208234" lon="7.6509033"/><trkpt lat="50.2082315" lon="7.6508542"/><trkpt lat="50.208239" lon="7.6508035"/><trkpt lat="50.2082567" lon="7.6507571"/><trkpt lat="50.2082839" lon="7.6507113"/><trkpt lat="50.208337" lon="7.6506307"/><trkpt lat="50.208411" lon="7.6504842"/><trkpt lat="50.2085503" lon="7.6501472"/><trkpt lat="50.2086548" lon="7.6499337"/><trkpt lat="50.2088416" lon="7.6494762"/><trkpt lat="50.2089479" lon="7.6492167"/><trkpt lat="50.2091856" lon="7.6486029"/><trkpt lat="50.2093329" lon="7.6482557"/><trkpt lat="50.2093714" lon="7.6481542"/><trkpt lat="50.2093915" lon="7.6480984"/><trkpt lat="50.2094075" lon="7.6479686"/><trkpt lat="50.209409" lon="7.6478979"/><trkpt lat="50.2094065" lon="7.6477446"/><trkpt lat="50.2094115" lon="7.6475704"/><trkpt lat="50.2094111" lon="7.6474921"/><trkpt lat="50.2094211" lon="7.6473884"/><trkpt lat="50.2094484" lon="7.6471597"/><trkpt lat="50.2094579" lon="7.64699"/><trkpt lat="50.2094653" lon="7.6467752"/><trkpt lat="50.2094777" lon="7.6465809"/><trkpt lat="50.2094828" lon="7.6464669"/><trkpt lat="50.2094897" lon="7.6463945"/><trkpt lat="50.2095167" lon="7.6461534"/><trkpt lat="50.2095866" lon="7.6458742"/><trkpt lat="50.2096399" lon="7.6457039"/><trkpt lat="50.2096699" lon="7.6455885"/><trkpt lat="50.209711" lon="7.645493"/><trkpt lat="50.2098828" lon="7.6452264"/><trkpt lat="50.2100398" lon="7.6449475"/><trkpt lat="50.2100725" lon="7.6448616"/><trkpt lat="50.2100999" lon="7.6447691"/><trkpt lat="50.2101259" lon="7.6446592"/><trkpt lat="50.2101292" lon="7.6445653"/><trkpt lat="50.2101266" lon="7.6444678"/><trkpt lat="50.2101188" lon="7.6443761"/><trkpt lat="50.21011" lon="7.6443022"/><trkpt lat="50.2101053" lon="7.6442183"/><trkpt lat="50.2100962" lon="7.6441365"/><trkpt lat="50.2100877" lon="7.6440761"/><trkpt lat="50.2100751" lon="7.6439966"/><trkpt lat="50.2100624" lon="7.6438853"/><trkpt lat="50.2102107" lon="7.6437045"/><trkpt lat="50.2104473" lon="7.6435378"/><trkpt lat="50.2105777" lon="7.6434509"/><trkpt lat="50.2108883" lon="7.6431944"/><trkpt lat="50.2109806" lon="7.6431394"/><trkpt lat="50.2110668" lon="7.6431053"/><trkpt lat="50.2112428" lon="7.643073"/><trkpt lat="50.2112925" lon="7.6430446"/><trkpt lat="50.2113435" lon="7.6429934"/><trkpt lat="50.2113906" lon="7.6429257"/><trkpt lat="50.2114576" lon="7.642817"/><trkpt lat="50.2115226" lon="7.6426574"/><trkpt lat="50.2117792" lon="7.6419692"/><trkpt lat="50.2118244" lon="7.6418058"/><trkpt lat="50.2118363" lon="7.6417321"/><trkpt lat="50.2118302" lon="7.6416506"/><trkpt lat="50.2118144" lon="7.6415918"/><trkpt lat="50.2117671" lon="7.6414932"/><trkpt lat="50.2117137" lon="7.6412826"/><trkpt lat="50.2116445" lon="7.6411309"/><trkpt lat="50.2116227" lon="7.641019"/><trkpt lat="50.2115908" lon="7.6406269"/><trkpt lat="50.2115632" lon="7.6403609"/><trkpt lat="50.2115644" lon="7.6402604"/><trkpt lat="50.2115826" lon="7.6401314"/><trkpt lat="50.2116542" lon="7.6397597"/><trkpt lat="50.2116761" lon="7.6395522"/><trkpt lat="50.2116785" lon="7.6393159"/><trkpt lat="50.2116906" lon="7.63924"/><trkpt lat="50.2117078" lon="7.6391624"/><trkpt lat="50.2117279" lon="7.6391175"/><trkpt lat="50.2117471" lon="7.6390888"/><trkpt lat="50.2117532" lon="7.6390804"/><trkpt lat="50.2119108" lon="7.6389031"/><trkpt lat="50.2119572" lon="7.6388468"/><trkpt lat="50.2119875" lon="7.6388106"/><trkpt lat="50.2119979" lon="7.6387787"/><trkpt lat="50.2120099" lon="7.6387185"/><trkpt lat="50.2120191" lon="7.6386221"/><trkpt lat="50.212043" lon="7.6384994"/><trkpt lat="50.2120602" lon="7.6384042"/><trkpt lat="50.2120962" lon="7.6382607"/><trkpt lat="50.2121597" lon="7.6380046"/><trkpt lat="50.2121786" lon="7.6379496"/><trkpt lat="50.2122094" lon="7.6378531"/><trkpt lat="50.2122174" lon="7.6378183"/><trkpt lat="50.2122584" lon="7.6376733"/><trkpt lat="50.2122773" lon="7.6376183"/><trkpt lat="50.2123056" lon="7.6375593"/><trkpt lat="50.2123228" lon="7.6374856"/><trkpt lat="50.2123594" lon="7.6373997"/><trkpt lat="50.2123746" lon="7.6372903"/><trkpt lat="50.2123634" lon="7.6371394"/><trkpt lat="50.2123798" lon="7.6370425"/><trkpt lat="50.2123949" lon="7.6369746"/><trkpt lat="50.2124404" lon="7.6367949"/><trkpt lat="50.2124962" lon="7.6366206"/><trkpt lat="50.2125416" lon="7.6364985"/><trkpt lat="50.2125751" lon="7.6364274"/><trkpt lat="50.2126272" lon="7.6363184"/><trkpt lat="50.2125664" lon="7.6366995"/><trkpt lat="50.2125644" lon="7.6367387"/><trkpt lat="50.2125674" lon="7.6367727"/><trkpt lat="50.2125783" lon="7.6367971"/><trkpt lat="50.2125952" lon="7.6368091"/><trkpt lat="50.2126161" lon="7.6368136"/><trkpt lat="50.2126348" lon="7.6368077"/><trkpt lat="50.2126815" lon="7.6367426"/><trkpt lat="50.2130667" lon="7.6359507"/><trkpt lat="50.213082" lon="7.6359166"/><trkpt lat="50.213107" lon="7.6358957"/><trkpt lat="50.2131293" lon="7.6359023"/><trkpt lat="50.2129613" lon="7.6369778"/><trkpt lat="50.2129452" lon="7.6372476"/><trkpt lat="50.2129488" lon="7.6375074"/><trkpt lat="50.2130218" lon="7.638465"/><trkpt lat="50.2130276" lon="7.63874"/><trkpt lat="50.2130059" lon="7.6389898"/><trkpt lat="50.2129183" lon="7.6392487"/><trkpt lat="50.2129142" lon="7.6392859"/><trkpt lat="50.212916" lon="7.6393247"/><trkpt lat="50.2129278" lon="7.6393596"/><trkpt lat="50.2129455" lon="7.6393806"/><trkpt lat="50.2130296" lon="7.639459"/><trkpt lat="50.213053" lon="7.6394083"/><trkpt lat="50.2130918" lon="7.6393266"/><trkpt lat="50.2132255" lon="7.639042"/><trkpt lat="50.213258" lon="7.639081"/><trkpt lat="50.2133947" lon="7.6392994"/><trkpt lat="50.2133657" lon="7.639473"/><trkpt lat="50.2134434" lon="7.6395406"/><trkpt lat="50.2134534" lon="7.6395619"/><trkpt lat="50.2134522" lon="7.6395875"/><trkpt lat="50.2134315" lon="7.6396541"/><trkpt lat="50.2133973" lon="7.6397646"/><trkpt lat="50.2132945" lon="7.6400038"/><trkpt lat="50.2133486" lon="7.6401773"/><trkpt lat="50.2133966" lon="7.6401766"/><trkpt lat="50.2134761" lon="7.6399761"/><trkpt lat="50.2135647" lon="7.6400168"/><trkpt lat="50.2135855" lon="7.6401752"/><trkpt lat="50.2135914" lon="7.6403555"/><trkpt lat="50.2137219" lon="7.6402125"/><trkpt lat="50.2139498" lon="7.6399762"/><trkpt lat="50.2140637" lon="7.6398975"/><trkpt lat="50.2141444" lon="7.6398706"/><trkpt lat="50.2141474" lon="7.6399373"/><trkpt lat="50.2141263" lon="7.6401777"/><trkpt lat="50.2140329" lon="7.6405213"/><trkpt lat="50.2139435" lon="7.6406824"/><trkpt lat="50.2139108" lon="7.6408396"/><trkpt lat="50.2140316" lon="7.6411233"/><trkpt lat="50.2141246" lon="7.6410768"/><trkpt lat="50.2142878" lon="7.6410031"/><trkpt lat="50.2144354" lon="7.6409226"/><trkpt lat="50.2147306" lon="7.6408636"/><trkpt lat="50.2147863" lon="7.6408698"/><trkpt lat="50.2151665" lon="7.6409119"/><trkpt lat="50.2151569" lon="7.6406326"/><trkpt lat="50.215002" lon="7.6398421"/><trkpt lat="50.2153349" lon="7.6382171"/><trkpt lat="50.2154492" lon="7.6379215"/><trkpt lat="50.2154388" lon="7.6376169"/><trkpt lat="50.2155476" lon="7.6373402"/><trkpt lat="50.2157129" lon="7.6372225"/><trkpt lat="50.2158584" lon="7.6370771"/><trkpt lat="50.2161193" lon="7.6371977"/><trkpt lat="50.2171535" lon="7.6387383"/><trkpt lat="50.2172771" lon="7.6389098"/><trkpt lat="50.2174349" lon="7.6390605"/><trkpt lat="50.2176925" lon="7.6393903"/><trkpt lat="50.217776" lon="7.639532"/><trkpt lat="50.2178811" lon="7.6397172"/><trkpt lat="50.2180056" lon="7.6399404"/><trkpt lat="50.2181" lon="7.6401269"/><trkpt lat="50.218135" lon="7.6401929"/><trkpt lat="50.218155" lon="7.6402244"/><trkpt lat="50.2182122" lon="7.6402903"/><trkpt lat="50.2183353" lon="7.6404263"/><trkpt lat="50.2184222" lon="7.6405368"/><trkpt lat="50.2185076" lon="7.6406412"/><trkpt lat="50.2186003" lon="7.6407719"/><trkpt lat="50.2187208" lon="7.6409525"/><trkpt lat="50.2188336" lon="7.6411228"/><trkpt lat="50.2189221" lon="7.6412427"/><trkpt lat="50.21902" lon="7.6413887"/><trkpt lat="50.2191055" lon="7.6415323"/><trkpt lat="50.2192021" lon="7.6417211"/><trkpt lat="50.2192778" lon="7.6418532"/><trkpt lat="50.2193167" lon="7.6419103"/><trkpt lat="50.2194014" lon="7.6420111"/><trkpt lat="50.2195742" lon="7.6421812"/><trkpt lat="50.2198116" lon="7.6424103"/><trkpt lat="50.2200322" lon="7.6425673"/><trkpt lat="50.2201465" lon="7.6425153"/><trkpt lat="50.2202085" lon="7.6424622"/><trkpt lat="50.2203918" lon="7.6420652"/><trkpt lat="50.2205266" lon="7.6417958"/><trkpt lat="50.2206223" lon="7.6416259"/><trkpt lat="50.2208032" lon="7.6413362"/><trkpt lat="50.2208459" lon="7.64122"/><trkpt lat="50.2208889" lon="7.6410696"/><trkpt lat="50.2208997" lon="7.6410071"/><trkpt lat="50.2209061" lon="7.6409167"/><trkpt lat="50.2209129" lon="7.640789"/><trkpt lat="50.2209249" lon="7.6406539"/><trkpt lat="50.2209308" lon="7.6405727"/><trkpt lat="50.2209435" lon="7.6404581"/><trkpt lat="50.2209628" lon="7.6403531"/><trkpt lat="50.2209909" lon="7.640243"/><trkpt lat="50.2210352" lon="7.6400714"/><trkpt lat="50.2211318" lon="7.6397692"/><trkpt lat="50.2211891" lon="7.6396064"/><trkpt lat="50.2212766" lon="7.6393858"/><trkpt lat="50.2213455" lon="7.6391294"/><trkpt lat="50.2214746" lon="7.6386902"/><trkpt lat="50.2214905" lon="7.6386443"/><trkpt lat="50.221538" lon="7.6385357"/><trkpt lat="50.2216069" lon="7.6383922"/><trkpt lat="50.2216761" lon="7.63826"/><trkpt lat="50.2217383" lon="7.6381611"/><trkpt lat="50.221885" lon="7.6379543"/><trkpt lat="50.2219666" lon="7.6378505"/><trkpt lat="50.2221027" lon="7.6377068"/><trkpt lat="50.2221726" lon="7.6376308"/><trkpt lat="50.2222723" lon="7.6375607"/><trkpt lat="50.2224958" lon="7.6374408"/><trkpt lat="50.2225889" lon="7.6373713"/><trkpt lat="50.2226393" lon="7.6373171"/><trkpt lat="50.222741" lon="7.6371916"/><trkpt lat="50.2228314" lon="7.6370672"/><trkpt lat="50.2229219" lon="7.6369296"/><trkpt lat="50.2230084" lon="7.6367869"/><trkpt lat="50.2230863" lon="7.6366446"/><trkpt lat="50.2231201" lon="7.6365619"/><trkpt lat="50.2231451" lon="7.6364755"/><trkpt lat="50.2231596" lon="7.6364056"/><trkpt lat="50.2231788" lon="7.6362944"/><trkpt lat="50.2232412" lon="7.635851"/><trkpt lat="50.2233357" lon="7.6349026"/><trkpt lat="50.2233743" lon="7.6345584"/><trkpt lat="50.2233924" lon="7.6343901"/><trkpt lat="50.2234248" lon="7.634093"/><trkpt lat="50.2231298" lon="7.6337301"/><trkpt lat="50.2226082" lon="7.6329562"/><trkpt lat="50.2224186" lon="7.6325217"/><trkpt lat="50.2223186" lon="7.6322883"/><trkpt lat="50.2221172" lon="7.6316772"/><trkpt lat="50.2221058" lon="7.6315205"/><trkpt lat="50.2221211" lon="7.6313509"/><trkpt lat="50.2221792" lon="7.6312015"/><trkpt lat="50.2222605" lon="7.6309599"/><trkpt lat="50.2222956" lon="7.630806"/><trkpt lat="50.2223218" lon="7.6307007"/><trkpt lat="50.2223763" lon="7.6305373"/><trkpt lat="50.2224203" lon="7.6304565"/><trkpt lat="50.2225425" lon="7.6302998"/><trkpt lat="50.2226408" lon="7.6300221"/><trkpt lat="50.2226724" lon="7.629837"/><trkpt lat="50.2227105" lon="7.6296592"/><trkpt lat="50.2227897" lon="7.6293711"/><trkpt lat="50.2228588" lon="7.6291936"/><trkpt lat="50.2228813" lon="7.6291399"/><trkpt lat="50.2229339" lon="7.6290572"/><trkpt lat="50.2229663" lon="7.6290175"/><trkpt lat="50.2229987" lon="7.628989"/><trkpt lat="50.2230241" lon="7.6289718"/><trkpt lat="50.2230516" lon="7.6289563"/><trkpt lat="50.2230814" lon="7.6289468"/><trkpt lat="50.2231029" lon="7.6289435"/><trkpt lat="50.2231284" lon="7.628945"/><trkpt lat="50.2231542" lon="7.628956"/><trkpt lat="50.223177" lon="7.6289701"/><trkpt lat="50.2232168" lon="7.6290071"/><trkpt lat="50.2233815" lon="7.6291546"/><trkpt lat="50.2234751" lon="7.6292314"/><trkpt lat="50.2235984" lon="7.6293817"/><trkpt lat="50.223652" lon="7.6294827"/><trkpt lat="50.2240477" lon="7.6301726"/><trkpt lat="50.2241478" lon="7.6303618"/><trkpt lat="50.2243919" lon="7.6307562"/><trkpt lat="50.2251607" lon="7.6313819"/><trkpt lat="50.2254482" lon="7.6316094"/><trkpt lat="50.2254767" lon="7.6316409"/><trkpt lat="50.2254994" lon="7.631676"/><trkpt lat="50.2258081" lon="7.6322611"/><trkpt lat="50.2258654" lon="7.6324175"/><trkpt lat="50.2258955" lon="7.6324997"/><trkpt lat="50.2259542" lon="7.6326101"/><trkpt lat="50.2259841" lon="7.6326567"/><trkpt lat="50.2260139" lon="7.6326925"/><trkpt lat="50.2260512" lon="7.6327127"/><trkpt lat="50.226092" lon="7.6327222"/><trkpt lat="50.226129" lon="7.6327169"/><trkpt lat="50.2261591" lon="7.632698"/><trkpt lat="50.2261841" lon="7.632663"/><trkpt lat="50.2262025" lon="7.6326044"/><trkpt lat="50.2262209" lon="7.6325243"/><trkpt lat="50.2262562" lon="7.6321323"/><trkpt lat="50.2262244" lon="7.6316167"/><trkpt lat="50.2261107" lon="7.6310105"/><trkpt lat="50.2260966" lon="7.6309562"/><trkpt lat="50.2260763" lon="7.630901"/><trkpt lat="50.2258327" lon="7.6303621"/><trkpt lat="50.2257573" lon="7.6298245"/><trkpt lat="50.2258046" lon="7.6289588"/><trkpt lat="50.2258627" lon="7.628098"/><trkpt lat="50.225911" lon="7.6277674"/><trkpt lat="50.2260511" lon="7.6276174"/><trkpt lat="50.2261726" lon="7.6272414"/><trkpt lat="50.2263352" lon="7.6265796"/><trkpt lat="50.2264296" lon="7.6262156"/><trkpt lat="50.2265031" lon="7.6260952"/><trkpt lat="50.2265775" lon="7.6260294"/><trkpt lat="50.2266718" lon="7.6260186"/><trkpt lat="50.2267725" lon="7.6259767"/><trkpt lat="50.2271329" lon="7.6256891"/><trkpt lat="50.227544" lon="7.6252754"/><trkpt lat="50.2281499" lon="7.6248338"/><trkpt lat="50.228427" lon="7.6245235"/><trkpt lat="50.2285406" lon="7.6244185"/><trkpt lat="50.2286182" lon="7.6243438"/><trkpt lat="50.2286969" lon="7.6242287"/><trkpt lat="50.2287925" lon="7.6241661"/><trkpt lat="50.2288903" lon="7.6241355"/><trkpt lat="50.2289462" lon="7.6240732"/><trkpt lat="50.2290147" lon="7.6240672"/><trkpt lat="50.2290909" lon="7.6240328"/><trkpt lat="50.2291439" lon="7.6240167"/><trkpt lat="50.2292136" lon="7.6240389"/><trkpt lat="50.2292537" lon="7.6240631"/><trkpt lat="50.2293204" lon="7.6240275"/><trkpt lat="50.2294255" lon="7.6239097"/><trkpt lat="50.2295262" lon="7.6237825"/><trkpt lat="50.2296386" lon="7.6236936"/><trkpt lat="50.2297485" lon="7.6235643"/><trkpt lat="50.2298091" lon="7.6234776"/><trkpt lat="50.2299266" lon="7.6231323"/><trkpt lat="50.2299814" lon="7.6230347"/><trkpt lat="50.2300842" lon="7.6229849"/><trkpt lat="50.2302108" lon="7.6229324"/><trkpt lat="50.2303248" lon="7.6228839"/><trkpt lat="50.2304769" lon="7.6227547"/><trkpt lat="50.2305737" lon="7.6225831"/><trkpt lat="50.2306672" lon="7.6224363"/><trkpt lat="50.2307843" lon="7.622359"/><trkpt lat="50.2308676" lon="7.6222945"/><trkpt lat="50.2309033" lon="7.6222735"/><trkpt lat="50.2310392" lon="7.6221662"/></trkseg></trk><trk><trkseg><trkpt lat="50.2315407" lon="7.6224663"/><trkpt lat="50.2315398" lon="7.6223159"/><trkpt lat="50.2315438" lon="7.6221548"/><trkpt lat="50.2315894" lon="7.6219916"/><trkpt lat="50.2316551" lon="7.6218417"/><trkpt lat="50.2317271" lon="7.6216518"/><trkpt lat="50.2317857" lon="7.6214976"/><trkpt lat="50.2318588" lon="7.6213591"/><trkpt lat="50.231931" lon="7.6212006"/><trkpt lat="50.2319903" lon="7.621055"/><trkpt lat="50.2320257" lon="7.6208779"/><trkpt lat="50.2320598" lon="7.6207088"/><trkpt lat="50.23211" lon="7.6205653"/><trkpt lat="50.2321164" lon="7.6203968"/><trkpt lat="50.2321008" lon="7.6202383"/><trkpt lat="50.2320743" lon="7.6200556"/><trkpt lat="50.2320762" lon="7.6199799"/><trkpt lat="50.232093" lon="7.6199304"/><trkpt lat="50.2321787" lon="7.6198063"/><trkpt lat="50.2322399" lon="7.6197064"/><trkpt lat="50.2323003" lon="7.6196181"/><trkpt lat="50.2323349" lon="7.6195408"/><trkpt lat="50.2323467" lon="7.6194637"/><trkpt lat="50.2323403" lon="7.6193894"/><trkpt lat="50.2323308" lon="7.6193267"/><trkpt lat="50.2323201" lon="7.6192412"/><trkpt lat="50.2323164" lon="7.6191281"/><trkpt lat="50.2323349" lon="7.6190396"/><trkpt lat="50.2323677" lon="7.6189297"/><trkpt lat="50.2324006" lon="7.618854"/><trkpt lat="50.2324392" lon="7.6187955"/><trkpt lat="50.2324755" lon="7.6187625"/><trkpt lat="50.2325239" lon="7.6187341"/><trkpt lat="50.2325741" lon="7.618697"/><trkpt lat="50.2326205" lon="7.6186291"/><trkpt lat="50.2326646" lon="7.6185257"/><trkpt lat="50.2326837" lon="7.6184386"/><trkpt lat="50.2326874" lon="7.6183529"/><trkpt lat="50.2326984" lon="7.6182901"/><trkpt lat="50.2327312" lon="7.6182415"/><trkpt lat="50.2327796" lon="7.6181987"/><trkpt lat="50.2328034" lon="7.6181443"/><trkpt lat="50.2328284" lon="7.6180792"/><trkpt lat="50.2328905" lon="7.6180207"/><trkpt lat="50.232948" lon="7.6179744"/><trkpt lat="50.2329909" lon="7.617942"/><trkpt lat="50.2330503" lon="7.6178816"/><trkpt lat="50.2331097" lon="7.6178375"/><trkpt lat="50.2331389" lon="7.617818"/><trkpt lat="50.2331772" lon="7.617806"/><trkpt lat="50.233243" lon="7.6177732"/><trkpt lat="50.2332914" lon="7.6177491"/><trkpt lat="50.2333441" lon="7.6177105"/><trkpt lat="50.2333809" lon="7.6176893"/><trkpt lat="50.2334674" lon="7.6176387"/><trkpt lat="50.2335113" lon="7.6175979"/><trkpt lat="50.2335664" lon="7.6175576"/><trkpt lat="50.2336089" lon="7.6174943"/><trkpt lat="50.2336378" lon="7.6174294"/><trkpt lat="50.2336695" lon="7.6173597"/><trkpt lat="50.2337042" lon="7.6172183"/><trkpt lat="50.2337252" lon="7.6170541"/><trkpt lat="50.233738" lon="7.6169456"/><trkpt lat="50.2337498" lon="7.6168484"/><trkpt lat="50.2337554" lon="7.6167072"/><trkpt lat="50.2337608" lon="7.6165772"/><trkpt lat="50.2337727" lon="7.6164487"/><trkpt lat="50.2337682" lon="7.6163131"/><trkpt lat="50.2337727" lon="7.6162303"/><trkpt lat="50.2337849" lon="7.6161477"/><trkpt lat="50.2338129" lon="7.6160361"/><trkpt lat="50.2338485" lon="7.6159205"/><trkpt lat="50.2338942" lon="7.6157906"/><trkpt lat="50.2339504" lon="7.6156929"/><trkpt lat="50.233991" lon="7.6156402"/><trkpt lat="50.2340447" lon="7.6155832"/><trkpt lat="50.2341343" lon="7.6155146"/><trkpt lat="50.2342246" lon="7.6154518"/><trkpt lat="50.2342905" lon="7.6153892"/><trkpt lat="50.2343579" lon="7.6153054"/><trkpt lat="50.2344216" lon="7.6152005"/><trkpt lat="50.234467" lon="7.6151023"/><trkpt lat="50.2345177" lon="7.6149768"/><trkpt lat="50.2345499" lon="7.6148325"/><trkpt lat="50.2345874" lon="7.6146969"/><trkpt lat="50.2346357" lon="7.6145584"/><trkpt lat="50.2346604" lon="7.6144817"/><trkpt lat="50.2346663" lon="7.6143955"/><trkpt lat="50.2346732" lon="7.6142932"/><trkpt lat="50.2346668" lon="7.6142376"/><trkpt lat="50.2346494" lon="7.6141819"/><trkpt lat="50.2346458" lon="7.6141348"/><trkpt lat="50.2346713" lon="7.6140734"/><trkpt lat="50.2347051" lon="7.6140191"/><trkpt lat="50.2347225" lon="7.6139149"/><trkpt lat="50.2347426" lon="7.6138207"/><trkpt lat="50.2347508" lon="7.6137164"/><trkpt lat="50.2347398" lon="7.6134152"/><trkpt lat="50.2347701" lon="7.613269"/><trkpt lat="50.2348223" lon="7.6131841"/><trkpt lat="50.2348427" lon="7.6131295"/><trkpt lat="50.2348508" lon="7.6130749"/><trkpt lat="50.2348593" lon="7.6129783"/><trkpt lat="50.2348638" lon="7.6128726"/><trkpt lat="50.234871" lon="7.6127654"/><trkpt lat="50.2348467" lon="7.6126424"/><trkpt lat="50.2348497" lon="7.6125568"/><trkpt lat="50.234866" lon="7.6124946"/><trkpt lat="50.2348863" lon="7.6124231"/><trkpt lat="50.2348858" lon="7.6123761"/><trkpt lat="50.2348713" lon="7.6123472"/><trkpt lat="50.2348041" lon="7.6122807"/><trkpt lat="50.2348189" lon="7.6122203"/><trkpt lat="50.2348832" lon="7.6121388"/><trkpt lat="50.2349398" lon="7.6120531"/><trkpt lat="50.2349773" lon="7.6119803"/><trkpt lat="50.2350668" lon="7.6118875"/><trkpt lat="50.2351314" lon="7.6118119"/><trkpt lat="50.235221" lon="7.611766"/><trkpt lat="50.2352364" lon="7.611755"/><trkpt lat="50.2352493" lon="7.6117361"/><trkpt lat="50.2352722" lon="7.6116806"/><trkpt lat="50.235298" lon="7.6115999"/><trkpt lat="50.2353329" lon="7.6114787"/><trkpt lat="50.2353689" lon="7.6113783"/><trkpt lat="50.2354181" lon="7.6112713"/><trkpt lat="50.2354789" lon="7.61119"/><trkpt lat="50.2355212" lon="7.6111274"/><trkpt lat="50.235566" lon="7.6110264"/><trkpt lat="50.235582" lon="7.610958"/><trkpt lat="50.2356009" lon="7.6109043"/><trkpt lat="50.2356506" lon="7.6108629"/><trkpt lat="50.2356836" lon="7.6108528"/><trkpt lat="50.2357334" lon="7.610819"/><trkpt lat="50.2357765" lon="7.6107579"/><trkpt lat="50.2358161" lon="7.6106549"/><trkpt lat="50.2358466" lon="7.6105516"/><trkpt lat="50.2358707" lon="7.6104609"/><trkpt lat="50.2358904" lon="7.6103676"/><trkpt lat="50.2359072" lon="7.610297"/><trkpt lat="50.2359344" lon="7.6102026"/><trkpt lat="50.2359608" lon="7.61011"/><trkpt lat="50.2359765" lon="7.6100577"/><trkpt lat="50.2359903" lon="7.6100118"/><trkpt lat="50.236011" lon="7.6099452"/><trkpt lat="50.2360433" lon="7.6098429"/><trkpt lat="50.2360865" lon="7.6097059"/><trkpt lat="50.2361188" lon="7.6096211"/><trkpt lat="50.2361354" lon="7.6095649"/><trkpt lat="50.2361511" lon="7.6095121"/><trkpt lat="50.236175" lon="7.6094071"/><trkpt lat="50.2361763" lon="7.6094004"/><trkpt lat="50.2361918" lon="7.6093212"/><trkpt lat="50.2362107" lon="7.6091726"/><trkpt lat="50.2362221" lon="7.6090492"/><trkpt lat="50.2362305" lon="7.608877"/><trkpt lat="50.2362518" lon="7.6087357"/><trkpt lat="50.236286" lon="7.6086034"/><trkpt lat="50.23633" lon="7.6084611"/><trkpt lat="50.2363816" lon="7.6082807"/><trkpt lat="50.2364252" lon="7.608115"/><trkpt lat="50.2364718" lon="7.6079386"/><trkpt lat="50.236495" lon="7.6078423"/><trkpt lat="50.2365106" lon="7.6077736"/><trkpt lat="50.2365227" lon="7.6077188"/><trkpt lat="50.2365475" lon="7.6076395"/><trkpt lat="50.2365827" lon="7.6075691"/><trkpt lat="50.2366091" lon="7.6075022"/><trkpt lat="50.2366221" lon="7.6074694"/><trkpt lat="50.2366875" lon="7.607308"/><trkpt lat="50.2367178" lon="7.6072171"/><trkpt lat="50.2367723" lon="7.6070829"/><trkpt lat="50.2368289" lon="7.6069156"/><trkpt lat="50.2368783" lon="7.6067496"/><trkpt lat="50.2369654" lon="7.6066264"/><trkpt lat="50.2370122" lon="7.6065444"/><trkpt lat="50.2370486" lon="7.6064622"/><trkpt lat="50.2371921" lon="7.6060921"/><trkpt lat="50.2372339" lon="7.6060118"/><trkpt lat="50.2372647" lon="7.6059724"/><trkpt lat="50.237288" lon="7.6059245"/><trkpt lat="50.2373664" lon="7.6057482"/><trkpt lat="50.2374133" lon="7.6056383"/><trkpt lat="50.2374504" lon="7.6055216"/><trkpt lat="50.23751" lon="7.6053395"/><trkpt lat="50.2375243" lon="7.605235"/><trkpt lat="50.2375356" lon="7.6049423"/><trkpt lat="50.2375428" lon="7.6048727"/><trkpt lat="50.2375573" lon="7.6048293"/><trkpt lat="50.2375869" lon="7.6047827"/><trkpt lat="50.2375938" lon="7.6046135"/><trkpt lat="50.2376038" lon="7.6043496"/><trkpt lat="50.2376095" lon="7.60408"/><trkpt lat="50.2376238" lon="7.6037679"/><trkpt lat="50.2376376" lon="7.6034774"/><trkpt lat="50.2376584" lon="7.6032903"/><trkpt lat="50.2376912" lon="7.6031835"/><trkpt lat="50.2377121" lon="7.6030224"/><trkpt lat="50.2377477" lon="7.6029167"/><trkpt lat="50.2377829" lon="7.6027563"/><trkpt lat="50.2378058" lon="7.6026208"/><trkpt lat="50.237809" lon="7.6025364"/><trkpt lat="50.2378161" lon="7.602355"/><trkpt lat="50.2378222" lon="7.602239"/><trkpt lat="50.2378175" lon="7.6021085"/><trkpt lat="50.2378112" lon="7.6020048"/><trkpt lat="50.2378022" lon="7.6019347"/><trkpt lat="50.237777" lon="7.6018548"/><trkpt lat="50.237761" lon="7.6017689"/><trkpt lat="50.237739" lon="7.6016413"/><trkpt lat="50.237718" lon="7.6014617"/><trkpt lat="50.237703" lon="7.6013574"/><trkpt lat="50.2376856" lon="7.6012368"/><trkpt lat="50.2376765" lon="7.6011481"/><trkpt lat="50.2376712" lon="7.6010382"/><trkpt lat="50.2376536" lon="7.6009184"/><trkpt lat="50.2376124" lon="7.6007367"/><trkpt lat="50.2376065" lon="7.6005143"/><trkpt lat="50.2376309" lon="7.6003319"/><trkpt lat="50.2376352" lon="7.6001206"/><trkpt lat="50.2376347" lon="7.599778"/><trkpt lat="50.2376303" lon="7.5994594"/><trkpt lat="50.2376039" lon="7.5992505"/><trkpt lat="50.2375962" lon="7.5990413"/><trkpt lat="50.2375381" lon="7.5986264"/><trkpt lat="50.2375224" lon="7.5983252"/><trkpt lat="50.2374867" lon="7.5981326"/><trkpt lat="50.2373429" lon="7.5977246"/><trkpt lat="50.2373304" lon="7.597687"/><trkpt lat="50.2373145" lon="7.5976561"/><trkpt lat="50.2373101" lon="7.5975895"/><trkpt lat="50.2373153" lon="7.5975497"/><trkpt lat="50.2373237" lon="7.5975133"/><trkpt lat="50.2373267" lon="7.5974215"/><trkpt lat="50.2373313" lon="7.5972149"/><trkpt lat="50.2373336" lon="7.5971096"/><trkpt lat="50.2373352" lon="7.5970356"/><trkpt lat="50.2373413" lon="7.5969429"/><trkpt lat="50.2373482" lon="7.5964433"/></trkseg></trk><trk><trkseg><trkpt lat="50.23646" lon="7.5920189"/><trkpt lat="50.2362606" lon="7.5918607"/><trkpt lat="50.2362093" lon="7.5918672"/><trkpt lat="50.2360907" lon="7.5917003"/><trkpt lat="50.2360512" lon="7.5916198"/><trkpt lat="50.2360425" lon="7.5915288"/><trkpt lat="50.2360986" lon="7.5914065"/><trkpt lat="50.2361074" lon="7.5913714"/><trkpt lat="50.2361331" lon="7.5912043"/><trkpt lat="50.2361493" lon="7.59105"/><trkpt lat="50.2361683" lon="7.5908724"/><trkpt lat="50.2362034" lon="7.5906779"/><trkpt lat="50.2362602" lon="7.5905172"/><trkpt lat="50.236313" lon="7.590365"/><trkpt lat="50.2363616" lon="7.5902044"/><trkpt lat="50.2363973" lon="7.5899691"/><trkpt lat="50.2364268" lon="7.5897628"/><trkpt lat="50.2363991" lon="7.5897135"/><trkpt lat="50.2363477" lon="7.5896776"/><trkpt lat="50.2362814" lon="7.5895888"/><trkpt lat="50.2362568" lon="7.5895069"/><trkpt lat="50.2362571" lon="7.5893689"/><trkpt lat="50.2362571" lon="7.5892378"/><trkpt lat="50.2362409" lon="7.5891554"/><trkpt lat="50.2362449" lon="7.589037"/><trkpt lat="50.2362273" lon="7.588908"/><trkpt lat="50.2362003" lon="7.5887748"/><trkpt lat="50.2361732" lon="7.5886628"/><trkpt lat="50.2361584" lon="7.5885275"/><trkpt lat="50.2361462" lon="7.5884006"/><trkpt lat="50.2361394" lon="7.5882505"/><trkpt lat="50.236165" lon="7.58812"/><trkpt lat="50.2361814" lon="7.587982"/><trkpt lat="50.2362179" lon="7.5878425"/><trkpt lat="50.2362409" lon="7.5877072"/><trkpt lat="50.2362625" lon="7.5875486"/><trkpt lat="50.2362868" lon="7.5873816"/><trkpt lat="50.2363179" lon="7.5872738"/><trkpt lat="50.2363355" lon="7.5871047"/><trkpt lat="50.2363572" lon="7.586944"/><trkpt lat="50.2363707" lon="7.5867643"/><trkpt lat="50.2364032" lon="7.5864851"/><trkpt lat="50.2364315" lon="7.5862971"/><trkpt lat="50.2364721" lon="7.5861364"/><trkpt lat="50.2365025" lon="7.586073"/><trkpt lat="50.2365465" lon="7.586056"/><trkpt lat="50.2366168" lon="7.5860497"/><trkpt lat="50.2366485" lon="7.5860282"/><trkpt lat="50.2367047" lon="7.5859207"/><trkpt lat="50.2367709" lon="7.5857622"/><trkpt lat="50.2368597" lon="7.5856232"/><trkpt lat="50.2369696" lon="7.5854946"/><trkpt lat="50.2370988" lon="7.5854194"/><trkpt lat="50.2371581" lon="7.5854029"/><trkpt lat="50.2374238" lon="7.5853758"/><trkpt lat="50.237496" lon="7.5853842"/><trkpt lat="50.2376949" lon="7.5855505"/><trkpt lat="50.237833" lon="7.5856053"/><trkpt lat="50.2380192" lon="7.5856623"/><trkpt lat="50.2381614" lon="7.5857116"/><trkpt lat="50.2381984" lon="7.5856986"/><trkpt lat="50.2382666" lon="7.5856128"/><trkpt lat="50.238317" lon="7.5856181"/><trkpt lat="50.2383551" lon="7.5855904"/><trkpt lat="50.2383868" lon="7.5855275"/><trkpt lat="50.2383987" lon="7.585466"/><trkpt lat="50.2384356" lon="7.5854563"/><trkpt lat="50.2385166" lon="7.5854719"/><trkpt lat="50.2386181" lon="7.5854924"/><trkpt lat="50.2386622" lon="7.5855717"/><trkpt lat="50.2386865" lon="7.585603"/><trkpt lat="50.2387009" lon="7.5856216"/><trkpt lat="50.2387997" lon="7.5857527"/><trkpt lat="50.2388609" lon="7.5858529"/><trkpt lat="50.2388778" lon="7.5858915"/><trkpt lat="50.2388985" lon="7.585939"/><trkpt lat="50.2390323" lon="7.5862671"/><trkpt lat="50.2390857" lon="7.5864136"/><trkpt lat="50.2391276" lon="7.5865638"/><trkpt lat="50.2391538" lon="7.5867006"/><trkpt lat="50.2391604" lon="7.586795"/><trkpt lat="50.239223" lon="7.5869091"/><trkpt lat="50.2393011" lon="7.5871169"/><trkpt lat="50.2393741" lon="7.5873651"/><trkpt lat="50.2394263" lon="7.5876258"/><trkpt lat="50.2394763" lon="7.5878267"/><trkpt lat="50.2395113" lon="7.5879994"/><trkpt lat="50.2395944" lon="7.5885554"/><trkpt lat="50.2396681" lon="7.5891364"/><trkpt lat="50.2397415" lon="7.5895223"/><trkpt lat="50.2397932" lon="7.5897942"/><trkpt lat="50.2399369" lon="7.5907207"/><trkpt lat="50.239954" lon="7.5909108"/><trkpt lat="50.2400752" lon="7.5916741"/><trkpt lat="50.2400882" lon="7.5917684"/><trkpt lat="50.240172" lon="7.5920615"/><trkpt lat="50.2402466" lon="7.5922828"/><trkpt lat="50.240325" lon="7.5925339"/><trkpt lat="50.2404239" lon="7.5928283"/><trkpt lat="50.240624" lon="7.5932998"/><trkpt lat="50.2407416" lon="7.5936042"/><trkpt lat="50.2407748" lon="7.5936832"/><trkpt lat="50.241075" lon="7.5943391"/><trkpt lat="50.2412406" lon="7.5947374"/><trkpt lat="50.24142" lon="7.5951714"/><trkpt lat="50.2416981" lon="7.5956919"/><trkpt lat="50.2419539" lon="7.5963438"/><trkpt lat="50.2421516" lon="7.597029"/><trkpt lat="50.2424267" lon="7.5981564"/><trkpt lat="50.2426119" lon="7.5993049"/><trkpt lat="50.2425871" lon="7.5997367"/><trkpt lat="50.2423441" lon="7.6004447"/><trkpt lat="50.2423087" lon="7.6005772"/><trkpt lat="50.2422749" lon="7.6008621"/><trkpt lat="50.2424413" lon="7.6010348"/><trkpt lat="50.2425622" lon="7.6011294"/><trkpt lat="50.2427034" lon="7.602452"/><trkpt lat="50.2427787" lon="7.6026706"/><trkpt lat="50.2428404" lon="7.6032672"/><trkpt lat="50.2427876" lon="7.603725"/><trkpt lat="50.2429749" lon="7.6039917"/><trkpt lat="50.2432077" lon="7.6045009"/><trkpt lat="50.2435258" lon="7.6059498"/><trkpt lat="50.2434964" lon="7.6091115"/><trkpt lat="50.2435519" lon="7.6097954"/><trkpt lat="50.2434634" lon="7.6109113"/><trkpt lat="50.2433583" lon="7.6111405"/><trkpt lat="50.242948" lon="7.6113254"/><trkpt lat="50.2425731" lon="7.6123612"/><trkpt lat="50.2424943" lon="7.6126047"/><trkpt lat="50.2424325" lon="7.6126239"/><trkpt lat="50.2423968" lon="7.6126708"/><trkpt lat="50.2424117" lon="7.6127406"/><trkpt lat="50.2422783" lon="7.6129621"/><trkpt lat="50.2421259" lon="7.6135641"/><trkpt lat="50.2420798" lon="7.6137376"/><trkpt lat="50.2420158" lon="7.6140183"/><trkpt lat="50.2420095" lon="7.6140931"/><trkpt lat="50.242013" lon="7.6141485"/><trkpt lat="50.2420201" lon="7.6142431"/><trkpt lat="50.2420304" lon="7.6143191"/><trkpt lat="50.2420461" lon="7.6143817"/><trkpt lat="50.2420593" lon="7.614462"/><trkpt lat="50.2420653" lon="7.6145381"/><trkpt lat="50.2420648" lon="7.6146089"/><trkpt lat="50.2420723" lon="7.6146902"/><trkpt lat="50.2420895" lon="7.6147689"/><trkpt lat="50.2421118" lon="7.6148249"/><trkpt lat="50.2421298" lon="7.6148701"/><trkpt lat="50.2421403" lon="7.6149364"/><trkpt lat="50.2421415" lon="7.6149961"/><trkpt lat="50.2421352" lon="7.615037"/><trkpt lat="50.2421234" lon="7.6151142"/><trkpt lat="50.2421197" lon="7.615141"/><trkpt lat="50.24212" lon="7.6151614"/><trkpt lat="50.2421215" lon="7.6152066"/><trkpt lat="50.242124" lon="7.6152677"/><trkpt lat="50.2421272" lon="7.6153634"/><trkpt lat="50.2421376" lon="7.6154326"/><trkpt lat="50.2421349" lon="7.6155114"/><trkpt lat="50.2421325" lon="7.6155311"/><trkpt lat="50.2421292" lon="7.6155891"/><trkpt lat="50.2421279" lon="7.6156202"/><trkpt lat="50.2421257" lon="7.6156531"/><trkpt lat="50.2421202" lon="7.6156868"/><trkpt lat="50.2421119" lon="7.6157154"/><trkpt lat="50.2421016" lon="7.6157572"/><trkpt lat="50.24209" lon="7.6158316"/><trkpt lat="50.2420864" lon="7.6159032"/><trkpt lat="50.242084" lon="7.6159498"/><trkpt lat="50.2420705" lon="7.6160188"/><trkpt lat="50.2420648" lon="7.6160577"/><trkpt lat="50.2420621" lon="7.6160956"/><trkpt lat="50.2420643" lon="7.6161292"/><trkpt lat="50.2420673" lon="7.616167"/><trkpt lat="50.242067" lon="7.6162021"/><trkpt lat="50.2420622" lon="7.6162363"/><trkpt lat="50.2420523" lon="7.6162806"/><trkpt lat="50.2420401" lon="7.6163198"/><trkpt lat="50.2420295" lon="7.6163506"/><trkpt lat="50.2420252" lon="7.6164048"/><trkpt lat="50.2420248" lon="7.6164913"/><trkpt lat="50.2420149" lon="7.6165916"/><trkpt lat="50.242005" lon="7.6166617"/><trkpt lat="50.2419797" lon="7.6167508"/><trkpt lat="50.2419702" lon="7.6168082"/><trkpt lat="50.2419668" lon="7.6168635"/><trkpt lat="50.2419601" lon="7.6169307"/><trkpt lat="50.2419661" lon="7.6169839"/><trkpt lat="50.2419969" lon="7.6171009"/><trkpt lat="50.2420038" lon="7.6171183"/><trkpt lat="50.2420153" lon="7.6171681"/><trkpt lat="50.2420068" lon="7.6173361"/><trkpt lat="50.2420119" lon="7.6174287"/><trkpt lat="50.2420408" lon="7.6175616"/><trkpt lat="50.2420774" lon="7.6176982"/><trkpt lat="50.2421103" lon="7.6178233"/><trkpt lat="50.2421281" lon="7.6179097"/><trkpt lat="50.2421395" lon="7.6180049"/><trkpt lat="50.2421447" lon="7.6180675"/><trkpt lat="50.2421415" lon="7.6181342"/><trkpt lat="50.2421564" lon="7.6182902"/><trkpt lat="50.2421647" lon="7.6184556"/><trkpt lat="50.2421691" lon="7.6185726"/><trkpt lat="50.2421529" lon="7.6186964"/><trkpt lat="50.2421507" lon="7.6187234"/><trkpt lat="50.2421492" lon="7.6187403"/><trkpt lat="50.242161" lon="7.6188336"/><trkpt lat="50.2420751" lon="7.6189744"/><trkpt lat="50.2419549" lon="7.6192216"/><trkpt lat="50.2419138" lon="7.6193005"/><trkpt lat="50.2418551" lon="7.6194015"/><trkpt lat="50.2418146" lon="7.6194899"/><trkpt lat="50.2417544" lon="7.6195805"/><trkpt lat="50.2417245" lon="7.619626"/><trkpt lat="50.2416518" lon="7.619701"/><trkpt lat="50.2416257" lon="7.6197263"/><trkpt lat="50.2416028" lon="7.619748"/><trkpt lat="50.241567" lon="7.6197715"/><trkpt lat="50.2415259" lon="7.6197982"/><trkpt lat="50.2414952" lon="7.6198416"/><trkpt lat="50.2414692" lon="7.6199221"/><trkpt lat="50.2414396" lon="7.6199928"/><trkpt lat="50.2414124" lon="7.6200551"/><trkpt lat="50.2414026" lon="7.6201139"/><trkpt lat="50.241413" lon="7.6202195"/><trkpt lat="50.2414247" lon="7.6202496"/><trkpt lat="50.2414494" lon="7.6202771"/><trkpt lat="50.2414678" lon="7.6202921"/><trkpt lat="50.2414936" lon="7.6203109"/><trkpt lat="50.241535" lon="7.620331"/><trkpt lat="50.2415757" lon="7.620344"/><trkpt lat="50.2416139" lon="7.6203517"/><trkpt lat="50.2416573" lon="7.6203673"/><trkpt lat="50.2417274" lon="7.6203901"/><trkpt lat="50.241801" lon="7.6204619"/><trkpt lat="50.2418568" lon="7.6205138"/><trkpt lat="50.2419171" lon="7.6205569"/><trkpt lat="50.2419719" lon="7.6206062"/><trkpt lat="50.2420056" lon="7.6206663"/><trkpt lat="50.2420371" lon="7.6207306"/><trkpt lat="50.242058" lon="7.6208032"/><trkpt lat="50.24206" lon="7.6208798"/><trkpt lat="50.242054" lon="7.6209793"/><trkpt lat="50.2420426" lon="7.6210326"/><trkpt lat="50.2420109" lon="7.6211158"/><trkpt lat="50.2419793" lon="7.6212476"/><trkpt lat="50.2419605" lon="7.6213885"/><trkpt lat="50.2419389" lon="7.6215766"/><trkpt lat="50.2419155" lon="7.6217262"/><trkpt lat="50.2419124" lon="7.6218925"/><trkpt lat="50.2419299" lon="7.622081"/><trkpt lat="50.2419646" lon="7.6222561"/><trkpt lat="50.2419906" lon="7.6224974"/><trkpt lat="50.241969" lon="7.6225917"/><trkpt lat="50.2419501" lon="7.6226406"/><trkpt lat="50.241914" lon="7.6227079"/><trkpt lat="50.2418809" lon="7.6227669"/><trkpt lat="50.2418621" lon="7.6228419"/><trkpt lat="50.2418493" lon="7.6228977"/><trkpt lat="50.241842" lon="7.6229563"/><trkpt lat="50.2418233" lon="7.6230224"/><trkpt lat="50.2418048" lon="7.6230978"/><trkpt lat="50.2417771" lon="7.6231919"/><trkpt lat="50.2417378" lon="7.6232993"/><trkpt lat="50.2417305" lon="7.6233525"/><trkpt lat="50.2417189" lon="7.6234225"/><trkpt lat="50.2417264" lon="7.6235175"/><trkpt lat="50.2417399" lon="7.6235566"/><trkpt lat="50.2417376" lon="7.6236161"/><trkpt lat="50.2417307" lon="7.6236913"/><trkpt lat="50.2417199" lon="7.6237441"/><trkpt lat="50.2416935" lon="7.6237911"/><trkpt lat="50.2416383" lon="7.623894"/><trkpt lat="50.2415804" lon="7.6240015"/><trkpt lat="50.2414835" lon="7.6242501"/><trkpt lat="50.2414572" lon="7.6243103"/><trkpt lat="50.2414415" lon="7.6244146"/><trkpt lat="50.2414287" lon="7.6245259"/><trkpt lat="50.2414426" lon="7.6248528"/><trkpt lat="50.2414557" lon="7.6250584"/><trkpt lat="50.2414701" lon="7.6252342"/><trkpt lat="50.2414852" lon="7.625363"/><trkpt lat="50.2413222" lon="7.6253721"/><trkpt lat="50.2412325" lon="7.6253686"/><trkpt lat="50.2411683" lon="7.6253508"/><trkpt lat="50.2411392" lon="7.6253509"/><trkpt lat="50.2411277" lon="7.6253724"/><trkpt lat="50.241126" lon="7.6254148"/><trkpt lat="50.2411106" lon="7.6256215"/><trkpt lat="50.2411086" lon="7.6257125"/><trkpt lat="50.2411038" lon="7.6258248"/><trkpt lat="50.2410965" lon="7.6258649"/><trkpt lat="50.2410848" lon="7.6259294"/><trkpt lat="50.2410861" lon="7.6259913"/><trkpt lat="50.2410911" lon="7.6260278"/><trkpt lat="50.2410921" lon="7.6260446"/><trkpt lat="50.2410904" lon="7.6260607"/><trkpt lat="50.2410704" lon="7.6261325"/><trkpt lat="50.2410626" lon="7.6262054"/><trkpt lat="50.2410596" lon="7.6263329"/><trkpt lat="50.2410545" lon="7.6263636"/><trkpt lat="50.2410403" lon="7.6263831"/><trkpt lat="50.241005" lon="7.6264017"/><trkpt lat="50.2409599" lon="7.6264145"/><trkpt lat="50.2409289" lon="7.6264068"/><trkpt lat="50.2408979" lon="7.6263948"/><trkpt lat="50.2408312" lon="7.6263454"/><trkpt lat="50.2407317" lon="7.6262644"/><trkpt lat="50.2407129" lon="7.6262575"/><trkpt lat="50.2406942" lon="7.6262571"/><trkpt lat="50.2406442" lon="7.626322"/><trkpt lat="50.2406853" lon="7.6263928"/><trkpt lat="50.24074" lon="7.6265182"/><trkpt lat="50.2408577" lon="7.626788"/><trkpt lat="50.240971" lon="7.6271223"/><trkpt lat="50.2410266" lon="7.6272884"/><trkpt lat="50.2410535" lon="7.6273686"/><trkpt lat="50.2410912" lon="7.6274898"/><trkpt lat="50.2411142" lon="7.6275638"/><trkpt lat="50.2411979" lon="7.6278252"/><trkpt lat="50.2412304" lon="7.6279128"/><trkpt lat="50.2412797" lon="7.6280127"/><trkpt lat="50.2413458" lon="7.6281406"/><trkpt lat="50.2414152" lon="7.6282685"/><trkpt lat="50.241478" lon="7.6284014"/><trkpt lat="50.241534" lon="7.6285751"/><trkpt lat="50.241571" lon="7.6287503"/><trkpt lat="50.2415721" lon="7.6288747"/><trkpt lat="50.2415864" lon="7.6289849"/><trkpt lat="50.2415948" lon="7.6290105"/><trkpt lat="50.2416057" lon="7.6290343"/><trkpt lat="50.2416201" lon="7.6290556"/><trkpt lat="50.2416345" lon="7.6290693"/><trkpt lat="50.2416483" lon="7.6290778"/><trkpt lat="50.2416657" lon="7.6290826"/><trkpt lat="50.2415388" lon="7.6292694"/><trkpt lat="50.2413941" lon="7.6293864"/><trkpt lat="50.2413662" lon="7.6294023"/><trkpt lat="50.2413385" lon="7.6294082"/><trkpt lat="50.2411801" lon="7.6294082"/><trkpt lat="50.2410359" lon="7.6294031"/><trkpt lat="50.2408465" lon="7.6294508"/><trkpt lat="50.2406985" lon="7.6295977"/><trkpt lat="50.2406105" lon="7.6296892"/><trkpt lat="50.2404285" lon="7.6299305"/><trkpt lat="50.2402786" lon="7.6301832"/><trkpt lat="50.2402081" lon="7.6304475"/><trkpt lat="50.2401533" lon="7.63053"/><trkpt lat="50.2400821" lon="7.6305464"/><trkpt lat="50.2399698" lon="7.6305052"/><trkpt lat="50.2398804" lon="7.6304522"/><trkpt lat="50.2396635" lon="7.6303149"/><trkpt lat="50.239414" lon="7.6301054"/><trkpt lat="50.2391603" lon="7.62991"/><trkpt lat="50.2387464" lon="7.6297227"/><trkpt lat="50.2385256" lon="7.6296842"/><trkpt lat="50.2382398" lon="7.6297376"/><trkpt lat="50.2380634" lon="7.6297836"/><trkpt lat="50.2377959" lon="7.62995"/><trkpt lat="50.2375504" lon="7.6301072"/><trkpt lat="50.2373063" lon="7.6302739"/><trkpt lat="50.2370628" lon="7.6305244"/><trkpt lat="50.236788" lon="7.6308031"/><trkpt lat="50.236679" lon="7.6309155"/><trkpt lat="50.2366266" lon="7.631037"/><trkpt lat="50.2366252" lon="7.6311057"/><trkpt lat="50.2366422" lon="7.6311696"/><trkpt lat="50.2366746" lon="7.6312094"/><trkpt lat="50.2367255" lon="7.6312348"/><trkpt lat="50.2368355" lon="7.6312219"/><trkpt lat="50.2370924" lon="7.6311167"/><trkpt lat="50.2373834" lon="7.6309018"/><trkpt lat="50.2375848" lon="7.6308136"/><trkpt lat="50.2378036" lon="7.6308004"/><trkpt lat="50.2380967" lon="7.6310521"/><trkpt lat="50.2382863" lon="7.6315541"/><trkpt lat="50.2385683" lon="7.6319111"/><trkpt lat="50.2393033" lon="7.6323743"/><trkpt lat="50.2398818" lon="7.6330137"/><trkpt lat="50.240672" lon="7.633223"/><trkpt lat="50.2408505" lon="7.6334186"/><trkpt lat="50.240893" lon="7.633526"/><trkpt lat="50.2409156" lon="7.6336169"/><trkpt lat="50.2409091" lon="7.6339181"/><trkpt lat="50.2408617" lon="7.6343635"/><trkpt lat="50.240835" lon="7.634763"/><trkpt lat="50.2408545" lon="7.6348922"/><trkpt lat="50.2409714" lon="7.6352441"/><trkpt lat="50.241129" lon="7.6356918"/><trkpt lat="50.2412074" lon="7.6358868"/><trkpt lat="50.2414621" lon="7.6364953"/><trkpt lat="50.2416488" lon="7.6370768"/><trkpt lat="50.241655" lon="7.6370957"/><trkpt lat="50.2416997" lon="7.6372325"/><trkpt lat="50.2417558" lon="7.6373815"/><trkpt lat="50.2418438" lon="7.6375926"/><trkpt lat="50.2419169" lon="7.6377333"/><trkpt lat="50.2419747" lon="7.6378722"/><trkpt lat="50.242062" lon="7.6381124"/><trkpt lat="50.2420957" lon="7.6382457"/><trkpt lat="50.2421024" lon="7.638304"/><trkpt lat="50.2421033" lon="7.6383771"/><trkpt lat="50.2421016" lon="7.6384167"/><trkpt lat="50.2420951" lon="7.6384578"/><trkpt lat="50.2420799" lon="7.6384851"/><trkpt lat="50.2420591" lon="7.638515"/><trkpt lat="50.2420129" lon="7.6385785"/><trkpt lat="50.2419728" lon="7.6386143"/><trkpt lat="50.2418476" lon="7.6387571"/><trkpt lat="50.2417776" lon="7.6388495"/><trkpt lat="50.2417327" lon="7.6389249"/><trkpt lat="50.2416274" lon="7.6392783"/><trkpt lat="50.2415761" lon="7.639506"/><trkpt lat="50.2415204" lon="7.6396795"/><trkpt lat="50.241488" lon="7.63978"/><trkpt lat="50.2414564" lon="7.63986"/><trkpt lat="50.2414223" lon="7.6398943"/><trkpt lat="50.2413799" lon="7.6399067"/><trkpt lat="50.2413287" lon="7.6399057"/><trkpt lat="50.2412572" lon="7.6398856"/><trkpt lat="50.2411847" lon="7.6398735"/><trkpt lat="50.2411235" lon="7.6398931"/><trkpt lat="50.2410493" lon="7.6399496"/><trkpt lat="50.2409738" lon="7.6400178"/><trkpt lat="50.2409389" lon="7.6400339"/><trkpt lat="50.240908" lon="7.6400396"/><trkpt lat="50.2407563" lon="7.6400369"/><trkpt lat="50.2406331" lon="7.6400501"/><trkpt lat="50.2404964" lon="7.6400795"/><trkpt lat="50.2403652" lon="7.6401101"/><trkpt lat="50.2402818" lon="7.6401272"/><trkpt lat="50.2397811" lon="7.6404083"/><trkpt lat="50.2395687" lon="7.640465"/><trkpt lat="50.2394842" lon="7.6404627"/><trkpt lat="50.2394056" lon="7.6404459"/><trkpt lat="50.2393488" lon="7.6404741"/><trkpt lat="50.239332" lon="7.64051"/><trkpt lat="50.2393176" lon="7.6406033"/><trkpt lat="50.2393481" lon="7.6406672"/><trkpt lat="50.2394261" lon="7.6407154"/><trkpt lat="50.2396419" lon="7.6407091"/><trkpt lat="50.2397825" lon="7.6407538"/><trkpt lat="50.2399827" lon="7.6407403"/><trkpt lat="50.240167" lon="7.6406938"/><trkpt lat="50.2402427" lon="7.64072"/><trkpt lat="50.2403859" lon="7.6406876"/><trkpt lat="50.2406042" lon="7.6406622"/><trkpt lat="50.2406978" lon="7.6406607"/><trkpt lat="50.2408797" lon="7.6407571"/><trkpt lat="50.2410302" lon="7.6408548"/><trkpt lat="50.2411599" lon="7.6408386"/><trkpt lat="50.2413777" lon="7.6407827"/><trkpt lat="50.2415755" lon="7.6407141"/><trkpt lat="50.241721" lon="7.6406488"/><trkpt lat="50.2418562" lon="7.6405802"/><trkpt lat="50.2421354" lon="7.6404343"/><trkpt lat="50.2424385" lon="7.6402737"/><trkpt lat="50.2427137" lon="7.640128"/><trkpt lat="50.2428722" lon="7.6400608"/><trkpt lat="50.2429628" lon="7.6400184"/><trkpt lat="50.2430156" lon="7.6400108"/><trkpt lat="50.2432332" lon="7.6400128"/><trkpt lat="50.2433765" lon="7.6400222"/><trkpt lat="50.2434932" lon="7.6400404"/><trkpt lat="50.243566" lon="7.6400802"/><trkpt lat="50.2436661" lon="7.6401456"/><trkpt lat="50.2437626" lon="7.6401879"/><trkpt lat="50.2438108" lon="7.6402493"/><trkpt lat="50.2438444" lon="7.6403511"/><trkpt lat="50.243904" lon="7.6405372"/><trkpt lat="50.2439226" lon="7.640716"/><trkpt lat="50.2440183" lon="7.6411053"/><trkpt lat="50.24408" lon="7.6412188"/><trkpt lat="50.2441188" lon="7.6414793"/><trkpt lat="50.2441855" lon="7.6416781"/><trkpt lat="50.2443404" lon="7.6420481"/><trkpt lat="50.2444017" lon="7.6423188"/><trkpt lat="50.2443877" lon="7.6424486"/><trkpt lat="50.2443622" lon="7.6425415"/><trkpt lat="50.2443528" lon="7.6425619"/><trkpt lat="50.2443506" lon="7.6425809"/><trkpt lat="50.2443613" lon="7.6425968"/><trkpt lat="50.2443756" lon="7.6426179"/><trkpt lat="50.2444258" lon="7.6426653"/><trkpt lat="50.2444758" lon="7.6427035"/><trkpt lat="50.2445484" lon="7.6427541"/><trkpt lat="50.2445922" lon="7.6428245"/><trkpt lat="50.2446088" lon="7.64294"/><trkpt lat="50.2446001" lon="7.6430206"/><trkpt lat="50.2445806" lon="7.6431503"/><trkpt lat="50.2445669" lon="7.6432388"/><trkpt lat="50.2445401" lon="7.643427"/><trkpt lat="50.2445022" lon="7.6435356"/><trkpt lat="50.2444588" lon="7.6436501"/><trkpt lat="50.2443931" lon="7.643754"/><trkpt lat="50.2443267" lon="7.6438439"/><trkpt lat="50.2442412" lon="7.643962"/><trkpt lat="50.2441227" lon="7.6440793"/><trkpt lat="50.2438564" lon="7.6442644"/><trkpt lat="50.2437769" lon="7.6443219"/><trkpt lat="50.2436108" lon="7.6445124"/><trkpt lat="50.2435601" lon="7.644566"/><trkpt lat="50.2434966" lon="7.6446335"/><trkpt lat="50.2434049" lon="7.6447901"/><trkpt lat="50.2433415" lon="7.6448298"/><trkpt lat="50.2433752" lon="7.6448776"/><trkpt lat="50.2434221" lon="7.6449253"/><trkpt lat="50.2434928" lon="7.644936"/><trkpt lat="50.2435658" lon="7.6449091"/><trkpt lat="50.2436669" lon="7.644866"/><trkpt lat="50.243768" lon="7.644833"/><trkpt lat="50.2438679" lon="7.6448246"/><trkpt lat="50.2439793" lon="7.6448201"/><trkpt lat="50.2440869" lon="7.6448237"/><trkpt lat="50.2441674" lon="7.6448539"/><trkpt lat="50.2444348" lon="7.6449743"/><trkpt lat="50.2445141" lon="7.6450009"/><trkpt lat="50.2445676" lon="7.6450283"/><trkpt lat="50.2446054" lon="7.6450537"/><trkpt lat="50.2447976" lon="7.6451701"/><trkpt lat="50.2448467" lon="7.6452641"/><trkpt lat="50.2448632" lon="7.6453479"/><trkpt lat="50.2448663" lon="7.6454239"/><trkpt lat="50.2448612" lon="7.6454541"/><trkpt lat="50.2448421" lon="7.6455676"/><trkpt lat="50.2448115" lon="7.6457158"/><trkpt lat="50.2447634" lon="7.6458838"/><trkpt lat="50.2446891" lon="7.6460971"/><trkpt lat="50.2446439" lon="7.6462421"/><trkpt lat="50.2446193" lon="7.6463688"/><trkpt lat="50.2445825" lon="7.6465897"/><trkpt lat="50.2445506" lon="7.6468098"/><trkpt lat="50.2445135" lon="7.6470302"/><trkpt lat="50.2444455" lon="7.6471828"/><trkpt lat="50.2443751" lon="7.647319"/><trkpt lat="50.2442688" lon="7.6474328"/><trkpt lat="50.2442624" lon="7.6475034"/><trkpt lat="50.2442456" lon="7.6475703"/><trkpt lat="50.2441878" lon="7.6477078"/><trkpt lat="50.2442103" lon="7.6478043"/><trkpt lat="50.2442879" lon="7.6480401"/><trkpt lat="50.2443147" lon="7.648102"/><trkpt lat="50.2443482" lon="7.6481535"/><trkpt lat="50.2444222" lon="7.6482939"/><trkpt lat="50.2444634" lon="7.6483511"/><trkpt lat="50.2444929" lon="7.6484"/><trkpt lat="50.2445206" lon="7.6484499"/><trkpt lat="50.2445372" lon="7.6484839"/><trkpt lat="50.2445518" lon="7.6485389"/><trkpt lat="50.2445741" lon="7.6485839"/><trkpt lat="50.244599" lon="7.6485952"/><trkpt lat="50.2446283" lon="7.6485972"/><trkpt lat="50.2446903" lon="7.6486105"/><trkpt lat="50.2447756" lon="7.6486176"/><trkpt lat="50.2448549" lon="7.648627"/><trkpt lat="50.2449069" lon="7.6486409"/><trkpt lat="50.2449425" lon="7.6486339"/><trkpt lat="50.2449978" lon="7.6486373"/><trkpt lat="50.2450135" lon="7.6486401"/><trkpt lat="50.2450257" lon="7.6486474"/><trkpt lat="50.2450439" lon="7.6486554"/><trkpt lat="50.2450597" lon="7.6486645"/><trkpt lat="50.2450877" lon="7.6486656"/><trkpt lat="50.2451242" lon="7.6486627"/><trkpt lat="50.245186" lon="7.6486565"/><trkpt lat="50.2452273" lon="7.6486484"/><trkpt lat="50.2452467" lon="7.6486507"/><trkpt lat="50.2452668" lon="7.6486624"/><trkpt lat="50.2452868" lon="7.6486568"/><trkpt lat="50.245308" lon="7.6486589"/><trkpt lat="50.2453189" lon="7.6486582"/><trkpt lat="50.2453342" lon="7.6486566"/><trkpt lat="50.2453832" lon="7.648643"/><trkpt lat="50.245446" lon="7.6486401"/><trkpt lat="50.2454818" lon="7.6486437"/><trkpt lat="50.2455431" lon="7.648634"/><trkpt lat="50.2456001" lon="7.6486385"/><trkpt lat="50.2456429" lon="7.648647"/><trkpt lat="50.2457003" lon="7.6486699"/><trkpt lat="50.2457225" lon="7.6486842"/><trkpt lat="50.2457474" lon="7.6487001"/><trkpt lat="50.2457848" lon="7.6487302"/><trkpt lat="50.2458083" lon="7.6487662"/><trkpt lat="50.2458361" lon="7.6488266"/><trkpt lat="50.2458852" lon="7.6489236"/><trkpt lat="50.2459049" lon="7.6490203"/><trkpt lat="50.2459244" lon="7.6491435"/><trkpt lat="50.2459576" lon="7.6493112"/><trkpt lat="50.2460111" lon="7.6494847"/><trkpt lat="50.2460481" lon="7.6495432"/><trkpt lat="50.2460703" lon="7.6495778"/><trkpt lat="50.2460934" lon="7.6496231"/><trkpt lat="50.2461031" lon="7.6496731"/><trkpt lat="50.2461028" lon="7.6497326"/><trkpt lat="50.2460954" lon="7.6497881"/><trkpt lat="50.2460826" lon="7.6498501"/><trkpt lat="50.2460719" lon="7.6499012"/><trkpt lat="50.2460669" lon="7.6499397"/><trkpt lat="50.2460742" lon="7.6499848"/><trkpt lat="50.2460864" lon="7.6500537"/><trkpt lat="50.2460939" lon="7.650085"/><trkpt lat="50.2460952" lon="7.6501007"/><trkpt lat="50.2460978" lon="7.6501215"/><trkpt lat="50.2461122" lon="7.6501565"/><trkpt lat="50.2461261" lon="7.6501904"/><trkpt lat="50.2461476" lon="7.6502329"/><trkpt lat="50.2461647" lon="7.6502775"/><trkpt lat="50.2461895" lon="7.6503396"/><trkpt lat="50.2462187" lon="7.6503964"/><trkpt lat="50.2462624" lon="7.6504617"/><trkpt lat="50.2463316" lon="7.6505726"/><trkpt lat="50.2463871" lon="7.6506742"/><trkpt lat="50.2464002" lon="7.6507116"/><trkpt lat="50.2464133" lon="7.6507626"/><trkpt lat="50.246787" lon="7.65187"/><trkpt lat="50.2473495" lon="7.65266"/><trkpt lat="50.2474542" lon="7.6529047"/><trkpt lat="50.2474774" lon="7.6529993"/><trkpt lat="50.2475276" lon="7.6530955"/><trkpt lat="50.2476359" lon="7.6533152"/><trkpt lat="50.2477045" lon="7.6534715"/><trkpt lat="50.2477393" lon="7.6535845"/><trkpt lat="50.2477503" lon="7.6536773"/><trkpt lat="50.2477475" lon="7.6537753"/><trkpt lat="50.2477422" lon="7.6538457"/><trkpt lat="50.2477087" lon="7.653934"/><trkpt lat="50.2475945" lon="7.654276"/><trkpt lat="50.2475139" lon="7.6546506"/><trkpt lat="50.2473995" lon="7.6551275"/><trkpt lat="50.2473284" lon="7.6554947"/><trkpt lat="50.2472932" lon="7.6555658"/><trkpt lat="50.2471711" lon="7.6556885"/><trkpt lat="50.2468461" lon="7.6558928"/><trkpt lat="50.2466963" lon="7.6561413"/><trkpt lat="50.2466" lon="7.6563894"/><trkpt lat="50.2465843" lon="7.6564461"/><trkpt lat="50.2465588" lon="7.6565015"/><trkpt lat="50.2464935" lon="7.6565865"/><trkpt lat="50.2463901" lon="7.6567101"/><trkpt lat="50.2463208" lon="7.6568748"/><trkpt lat="50.2461601" lon="7.6574564"/><trkpt lat="50.2461643" lon="7.657646"/><trkpt lat="50.2463579" lon="7.6579775"/><trkpt lat="50.2471637" lon="7.6590077"/><trkpt lat="50.246723" lon="7.659402"/><trkpt lat="50.246444" lon="7.659874"/><trkpt lat="50.245585" lon="7.660603"/><trkpt lat="50.2455758" lon="7.6610975"/><trkpt lat="50.2454187" lon="7.6612927"/><trkpt lat="50.245365" lon="7.661681"/><trkpt lat="50.2453281" lon="7.6619304"/><trkpt lat="50.2450056" lon="7.6622323"/><trkpt lat="50.2449426" lon="7.662428"/><trkpt lat="50.2453857" lon="7.6620369"/><trkpt lat="50.2467869" lon="7.6608418"/><trkpt lat="50.2471753" lon="7.6607608"/><trkpt lat="50.24726" lon="7.6607329"/><trkpt lat="50.2473252" lon="7.6606739"/><trkpt lat="50.24763" lon="7.6605057"/><trkpt lat="50.2479324" lon="7.6602804"/><trkpt lat="50.2480874" lon="7.660147"/><trkpt lat="50.2482473" lon="7.659882"/><trkpt lat="50.248354" lon="7.658479"/><trkpt lat="50.2483664" lon="7.6583709"/><trkpt lat="50.2483694" lon="7.6583073"/><trkpt lat="50.2483733" lon="7.65826"/><trkpt lat="50.2483807" lon="7.6582513"/><trkpt lat="50.2484105" lon="7.6582181"/><trkpt lat="50.248425" lon="7.6582018"/><trkpt lat="50.2484423" lon="7.6581583"/><trkpt lat="50.2484664" lon="7.6581039"/><trkpt lat="50.2484869" lon="7.658103"/><trkpt lat="50.2485096" lon="7.6580994"/><trkpt lat="50.2485187" lon="7.6581051"/><trkpt lat="50.2485268" lon="7.6581146"/><trkpt lat="50.2485422" lon="7.6581415"/><trkpt lat="50.2485461" lon="7.6585198"/><trkpt lat="50.2485407" lon="7.6586241"/><trkpt lat="50.2485337" lon="7.6588589"/><trkpt lat="50.2485289" lon="7.6590046"/><trkpt lat="50.2485144" lon="7.6592849"/><trkpt lat="50.2485079" lon="7.6596674"/><trkpt lat="50.2484891" lon="7.6597961"/><trkpt lat="50.2484524" lon="7.660004"/><trkpt lat="50.2484455" lon="7.6601041"/><trkpt lat="50.2484567" lon="7.6602374"/><trkpt lat="50.2484641" lon="7.6602723"/><trkpt lat="50.2484695" lon="7.6603303"/><trkpt lat="50.2484697" lon="7.6603571"/><trkpt lat="50.2484725" lon="7.660364"/><trkpt lat="50.2484779" lon="7.6603665"/><trkpt lat="50.2484857" lon="7.6603637"/><trkpt lat="50.2484939" lon="7.6603558"/><trkpt lat="50.2485072" lon="7.6603435"/><trkpt lat="50.248542" lon="7.6602986"/><trkpt lat="50.2485987" lon="7.660234"/><trkpt lat="50.2487205" lon="7.6600862"/><trkpt lat="50.2487459" lon="7.6600446"/><trkpt lat="50.2488003" lon="7.6598791"/><trkpt lat="50.2488112" lon="7.6598413"/><trkpt lat="50.2488201" lon="7.6598345"/><trkpt lat="50.2488264" lon="7.6598451"/><trkpt lat="50.2488208" lon="7.6598859"/><trkpt lat="50.2488142" lon="7.6599388"/><trkpt lat="50.2487987" lon="7.6600398"/><trkpt lat="50.2488077" lon="7.66015"/><trkpt lat="50.2488133" lon="7.6602273"/><trkpt lat="50.2488145" lon="7.6604279"/><trkpt lat="50.2487955" lon="7.6605311"/><trkpt lat="50.2487991" lon="7.6605792"/><trkpt lat="50.2488021" lon="7.6606173"/><trkpt lat="50.2488035" lon="7.6606269"/><trkpt lat="50.2488067" lon="7.6606326"/><trkpt lat="50.2488129" lon="7.6606329"/><trkpt lat="50.2488197" lon="7.6606298"/><trkpt lat="50.2488315" lon="7.6606104"/><trkpt lat="50.2488464" lon="7.6605877"/><trkpt lat="50.2488868" lon="7.6605552"/><trkpt lat="50.2489221" lon="7.6604798"/><trkpt lat="50.2489611" lon="7.6603635"/><trkpt lat="50.2489988" lon="7.660306"/><trkpt lat="50.2490435" lon="7.6602116"/><trkpt lat="50.24907" lon="7.6601579"/><trkpt lat="50.2490852" lon="7.6601133"/><trkpt lat="50.2490879" lon="7.6600903"/><trkpt lat="50.2490902" lon="7.6600868"/><trkpt lat="50.2490929" lon="7.6600898"/><trkpt lat="50.2490946" lon="7.6600943"/><trkpt lat="50.2490969" lon="7.6601019"/><trkpt lat="50.2491067" lon="7.6601388"/><trkpt lat="50.2491089" lon="7.6601619"/><trkpt lat="50.2491062" lon="7.6602075"/><trkpt lat="50.2491173" lon="7.6603195"/><trkpt lat="50.2491195" lon="7.6604245"/><trkpt lat="50.2491193" lon="7.6605138"/><trkpt lat="50.2490893" lon="7.6606566"/><trkpt lat="50.2490652" lon="7.6607866"/><trkpt lat="50.249037" lon="7.6609478"/><trkpt lat="50.2490287" lon="7.6610783"/><trkpt lat="50.2491506" lon="7.660847"/><trkpt lat="50.2492192" lon="7.6606913"/><trkpt lat="50.2493462" lon="7.6596916"/><trkpt lat="50.2493736" lon="7.6594694"/><trkpt lat="50.2495924" lon="7.6591691"/><trkpt lat="50.2496671" lon="7.658648"/><trkpt lat="50.2498626" lon="7.6581401"/><trkpt lat="50.2499299" lon="7.6578775"/><trkpt lat="50.2501469" lon="7.6575455"/><trkpt lat="50.2501777" lon="7.6574086"/><trkpt lat="50.2502711" lon="7.6572229"/><trkpt lat="50.250356" lon="7.6570893"/><trkpt lat="50.2504191" lon="7.6570096"/><trkpt lat="50.2504635" lon="7.6569056"/><trkpt lat="50.2504862" lon="7.6568099"/><trkpt lat="50.2505068" lon="7.6566644"/><trkpt lat="50.2505064" lon="7.6565412"/><trkpt lat="50.250519" lon="7.6564304"/><trkpt lat="50.2505537" lon="7.6563407"/><trkpt lat="50.2505972" lon="7.6562651"/><trkpt lat="50.2512228" lon="7.6558244"/><trkpt lat="50.2516679" lon="7.6556623"/><trkpt lat="50.2519876" lon="7.6556995"/><trkpt lat="50.2522156" lon="7.6561143"/><trkpt lat="50.2523855" lon="7.6564141"/><trkpt lat="50.252614" lon="7.6565972"/><trkpt lat="50.2527789" lon="7.6565864"/><trkpt lat="50.2530976" lon="7.6566236"/><trkpt lat="50.2531994" lon="7.6567365"/><trkpt lat="50.2532527" lon="7.6569393"/><trkpt lat="50.2533934" lon="7.6576018"/><trkpt lat="50.2536371" lon="7.6579401"/><trkpt lat="50.253767" lon="7.6578294"/><trkpt lat="50.2538007" lon="7.65741"/><trkpt lat="50.254012" lon="7.6571988"/><trkpt lat="50.2541459" lon="7.6566729"/><trkpt lat="50.2542528" lon="7.6563964"/><trkpt lat="50.2547838" lon="7.6565484"/><trkpt lat="50.2551594" lon="7.6569087"/><trkpt lat="50.255761" lon="7.6569179"/><trkpt lat="50.2558053" lon="7.656916"/><trkpt lat="50.2558688" lon="7.6569121"/><trkpt lat="50.2559269" lon="7.6569154"/><trkpt lat="50.2559714" lon="7.6569263"/><trkpt lat="50.2560125" lon="7.6569425"/><trkpt lat="50.2560575" lon="7.6569805"/><trkpt lat="50.2561093" lon="7.6570129"/><trkpt lat="50.2561838" lon="7.6570809"/><trkpt lat="50.2562427" lon="7.6571233"/><trkpt lat="50.2563132" lon="7.6571749"/><trkpt lat="50.2563848" lon="7.6572077"/><trkpt lat="50.2564457" lon="7.6572201"/><trkpt lat="50.256531" lon="7.6572771"/><trkpt lat="50.2566104" lon="7.6573279"/><trkpt lat="50.2566528" lon="7.6573623"/><trkpt lat="50.2566797" lon="7.6573817"/><trkpt lat="50.2567105" lon="7.6573772"/><trkpt lat="50.2567447" lon="7.6573559"/><trkpt lat="50.2567767" lon="7.6573382"/><trkpt lat="50.2568101" lon="7.6573295"/><trkpt lat="50.2568519" lon="7.6573301"/><trkpt lat="50.2568918" lon="7.6573435"/><trkpt lat="50.2569259" lon="7.6573528"/><trkpt lat="50.2569843" lon="7.6573538"/><trkpt lat="50.257044" lon="7.6573463"/><trkpt lat="50.2571014" lon="7.6573418"/><trkpt lat="50.2571625" lon="7.6573396"/><trkpt lat="50.257226" lon="7.6573527"/><trkpt lat="50.2572806" lon="7.6573806"/><trkpt lat="50.2573261" lon="7.6573913"/><trkpt lat="50.2573647" lon="7.6574188"/><trkpt lat="50.2574151" lon="7.6574524"/><trkpt lat="50.2574716" lon="7.6574791"/><trkpt lat="50.2575487" lon="7.6575005"/><trkpt lat="50.2576558" lon="7.6575252"/><trkpt lat="50.2577525" lon="7.6575526"/><trkpt lat="50.2578594" lon="7.6575566"/><trkpt lat="50.2579219" lon="7.6575342"/><trkpt lat="50.2579617" lon="7.6575307"/><trkpt lat="50.2579918" lon="7.6575467"/><trkpt lat="50.2580652" lon="7.6576488"/><trkpt lat="50.2581255" lon="7.6577328"/><trkpt lat="50.258224" lon="7.6578529"/><trkpt lat="50.2583483" lon="7.6579945"/><trkpt lat="50.2584035" lon="7.6580667"/><trkpt lat="50.2584359" lon="7.6580895"/><trkpt lat="50.2584663" lon="7.6580969"/><trkpt lat="50.2585093" lon="7.6580956"/><trkpt lat="50.258539" lon="7.6580845"/><trkpt lat="50.2585806" lon="7.6580509"/><trkpt lat="50.2586303" lon="7.6579857"/><trkpt lat="50.2587036" lon="7.6578998"/><trkpt lat="50.2587512" lon="7.6578131"/><trkpt lat="50.2588149" lon="7.6577162"/><trkpt lat="50.2588503" lon="7.6576755"/><trkpt lat="50.258915" lon="7.657634"/><trkpt lat="50.2589638" lon="7.6576099"/><trkpt lat="50.2590283" lon="7.6576056"/><trkpt lat="50.2590698" lon="7.6576431"/><trkpt lat="50.2591285" lon="7.6576687"/><trkpt lat="50.2592158" lon="7.6576761"/><trkpt lat="50.2594327" lon="7.6577413"/><trkpt lat="50.2595337" lon="7.657759"/><trkpt lat="50.25964" lon="7.6578017"/><trkpt lat="50.2597073" lon="7.65785"/><trkpt lat="50.2597674" lon="7.6579342"/><trkpt lat="50.2598203" lon="7.6580313"/><trkpt lat="50.2599105" lon="7.658207"/><trkpt lat="50.2599412" lon="7.6582667"/><trkpt lat="50.2599607" lon="7.6583203"/><trkpt lat="50.2599798" lon="7.6583384"/><trkpt lat="50.2600144" lon="7.6583487"/><trkpt lat="50.2600521" lon="7.6583522"/><trkpt lat="50.2600917" lon="7.6583441"/><trkpt lat="50.260158" lon="7.6583257"/><trkpt lat="50.2601976" lon="7.6583025"/><trkpt lat="50.2602762" lon="7.6582611"/><trkpt lat="50.2604163" lon="7.6581921"/><trkpt lat="50.2605214" lon="7.6581232"/><trkpt lat="50.2606448" lon="7.6579991"/><trkpt lat="50.2606519" lon="7.6579891"/><trkpt lat="50.2608832" lon="7.657661"/><trkpt lat="50.2609239" lon="7.6575537"/><trkpt lat="50.260952" lon="7.6574785"/><trkpt lat="50.2610121" lon="7.6573273"/><trkpt lat="50.2610724" lon="7.6572036"/><trkpt lat="50.2611104" lon="7.6570582"/><trkpt lat="50.2611385" lon="7.6568939"/><trkpt lat="50.261159" lon="7.6567491"/><trkpt lat="50.261184" lon="7.6566026"/><trkpt lat="50.2611985" lon="7.6565443"/><trkpt lat="50.2612163" lon="7.6564973"/><trkpt lat="50.2612344" lon="7.6564833"/><trkpt lat="50.2612542" lon="7.6564799"/><trkpt lat="50.2613151" lon="7.6564869"/><trkpt lat="50.2613951" lon="7.6564857"/><trkpt lat="50.2615134" lon="7.6564984"/><trkpt lat="50.2616009" lon="7.6565079"/><trkpt lat="50.2616854" lon="7.6565018"/><trkpt lat="50.2617479" lon="7.6564732"/><trkpt lat="50.2618204" lon="7.6564267"/><trkpt lat="50.2618873" lon="7.656382"/><trkpt lat="50.26193" lon="7.6563496"/><trkpt lat="50.261984" lon="7.6563143"/><trkpt lat="50.2620405" lon="7.656296"/><trkpt lat="50.262112" lon="7.6562981"/><trkpt lat="50.2621774" lon="7.6563121"/><trkpt lat="50.2622347" lon="7.6563219"/><trkpt lat="50.2622938" lon="7.6563137"/><trkpt lat="50.2623517" lon="7.6562919"/><trkpt lat="50.2624084" lon="7.6562639"/><trkpt lat="50.2624651" lon="7.6562277"/><trkpt lat="50.2625129" lon="7.6561882"/><trkpt lat="50.2625664" lon="7.6561376"/><trkpt lat="50.2626108" lon="7.6560915"/><trkpt lat="50.2626452" lon="7.6560628"/><trkpt lat="50.2626748" lon="7.6560491"/><trkpt lat="50.2627247" lon="7.6560486"/><trkpt lat="50.2627664" lon="7.6560573"/><trkpt lat="50.2628098" lon="7.6560644"/><trkpt lat="50.2628768" lon="7.6560863"/><trkpt lat="50.2629028" lon="7.6561041"/><trkpt lat="50.2631588" lon="7.6560792"/><trkpt lat="50.2632411" lon="7.6560591"/><trkpt lat="50.2632804" lon="7.6560463"/><trkpt lat="50.2633253" lon="7.6560178"/><trkpt lat="50.2633505" lon="7.6559921"/><trkpt lat="50.2633707" lon="7.6559687"/><trkpt lat="50.2633838" lon="7.655938"/><trkpt lat="50.263388" lon="7.6559098"/><trkpt lat="50.2633821" lon="7.6558757"/><trkpt lat="50.2633939" lon="7.6558355"/><trkpt lat="50.2634194" lon="7.6557889"/><trkpt lat="50.2634768" lon="7.655729"/><trkpt lat="50.2635222" lon="7.6556901"/><trkpt lat="50.2635494" lon="7.6556638"/><trkpt lat="50.2635951" lon="7.6556326"/><trkpt lat="50.2636282" lon="7.6555939"/><trkpt lat="50.2636531" lon="7.65556"/><trkpt lat="50.2636744" lon="7.655521"/><trkpt lat="50.2636999" lon="7.6554827"/><trkpt lat="50.2637262" lon="7.6554618"/><trkpt lat="50.2637469" lon="7.6554455"/><trkpt lat="50.2637796" lon="7.6554129"/><trkpt lat="50.2638359" lon="7.655375"/><trkpt lat="50.26388" lon="7.6553404"/><trkpt lat="50.263928" lon="7.6552936"/><trkpt lat="50.2639487" lon="7.655271"/><trkpt lat="50.2639744" lon="7.6552495"/><trkpt lat="50.2640109" lon="7.6552321"/><trkpt lat="50.2640366" lon="7.6552225"/><trkpt lat="50.2640674" lon="7.6552184"/><trkpt lat="50.2641" lon="7.6552132"/><trkpt lat="50.2641427" lon="7.6551943"/><trkpt lat="50.264181" lon="7.6551697"/><trkpt lat="50.2642197" lon="7.65514"/><trkpt lat="50.2642553" lon="7.6551121"/><trkpt lat="50.2642908" lon="7.6550837"/><trkpt lat="50.2643207" lon="7.6550665"/><trkpt lat="50.2643437" lon="7.6550473"/><trkpt lat="50.2643613" lon="7.6550302"/><trkpt lat="50.2643931" lon="7.6550102"/><trkpt lat="50.2644151" lon="7.6549935"/><trkpt lat="50.2644322" lon="7.654977"/><trkpt lat="50.2644506" lon="7.6549621"/><trkpt lat="50.2644853" lon="7.6549293"/><trkpt lat="50.26459" lon="7.6548583"/><trkpt lat="50.2646362" lon="7.6548177"/><trkpt lat="50.2646882" lon="7.6547704"/><trkpt lat="50.2647284" lon="7.6547389"/><trkpt lat="50.2647793" lon="7.654686"/><trkpt lat="50.264829" lon="7.6546332"/><trkpt lat="50.2648562" lon="7.6545939"/><trkpt lat="50.2648994" lon="7.6545321"/><trkpt lat="50.2649352" lon="7.6544965"/><trkpt lat="50.2649708" lon="7.6544318"/><trkpt lat="50.2650159" lon="7.6543764"/><trkpt lat="50.2650663" lon="7.6543244"/><trkpt lat="50.2651533" lon="7.6542502"/><trkpt lat="50.2652217" lon="7.6541697"/><trkpt lat="50.2653106" lon="7.6540621"/><trkpt lat="50.2653294" lon="7.6540019"/><trkpt lat="50.2653457" lon="7.6539948"/><trkpt lat="50.2654177" lon="7.6539846"/><trkpt lat="50.2655775" lon="7.6539555"/><trkpt lat="50.2657408" lon="7.653866"/><trkpt lat="50.2658241" lon="7.6538422"/><trkpt lat="50.265855" lon="7.6538214"/><trkpt lat="50.2658942" lon="7.653815"/><trkpt lat="50.2658986" lon="7.6538169"/><trkpt lat="50.2659024" lon="7.6538185"/><trkpt lat="50.2659055" lon="7.6538301"/><trkpt lat="50.2658778" lon="7.653884"/><trkpt lat="50.2658681" lon="7.6539323"/><trkpt lat="50.265852" lon="7.6540094"/><trkpt lat="50.2657948" lon="7.6541279"/><trkpt lat="50.2657315" lon="7.6542166"/><trkpt lat="50.2656972" lon="7.6543775"/><trkpt lat="50.2655588" lon="7.6546869"/><trkpt lat="50.2654837" lon="7.6549312"/><trkpt lat="50.2654358" lon="7.6550194"/><trkpt lat="50.2654189" lon="7.6550594"/><trkpt lat="50.2654197" lon="7.6550673"/><trkpt lat="50.2654259" lon="7.6550714"/><trkpt lat="50.2654351" lon="7.6550724"/><trkpt lat="50.2654556" lon="7.6550642"/><trkpt lat="50.2655044" lon="7.655002"/><trkpt lat="50.2656058" lon="7.6548862"/><trkpt lat="50.2657072" lon="7.6547571"/><trkpt lat="50.265784" lon="7.6546421"/><trkpt lat="50.2658343" lon="7.6545209"/><trkpt lat="50.265919" lon="7.6544101"/><trkpt lat="50.2659271" lon="7.6544055"/><trkpt lat="50.2659318" lon="7.6544131"/><trkpt lat="50.2659295" lon="7.6544258"/><trkpt lat="50.2658752" lon="7.6545144"/><trkpt lat="50.2658399" lon="7.6546359"/><trkpt lat="50.2657666" lon="7.6548583"/><trkpt lat="50.2656947" lon="7.6550428"/><trkpt lat="50.2656495" lon="7.6551257"/><trkpt lat="50.265646" lon="7.6551363"/><trkpt lat="50.2656508" lon="7.655149"/><trkpt lat="50.2656615" lon="7.6551436"/><trkpt lat="50.265678" lon="7.6551252"/><trkpt lat="50.265698" lon="7.6550898"/><trkpt lat="50.2657417" lon="7.6550225"/><trkpt lat="50.26579" lon="7.6549692"/><trkpt lat="50.2659564" lon="7.6547429"/><trkpt lat="50.2661525" lon="7.6544657"/><trkpt lat="50.2663586" lon="7.6541228"/><trkpt lat="50.2666666" lon="7.653645"/><trkpt lat="50.2668828" lon="7.653353"/><trkpt lat="50.2669608" lon="7.6532"/><trkpt lat="50.2670087" lon="7.6531046"/><trkpt lat="50.2670952" lon="7.6529316"/><trkpt lat="50.2677139" lon="7.6520896"/><trkpt lat="50.2679524" lon="7.652075"/><trkpt lat="50.268513" lon="7.6520408"/><trkpt lat="50.2685664" lon="7.6517571"/><trkpt lat="50.268718" lon="7.6515355"/><trkpt lat="50.2690653" lon="7.6510323"/><trkpt lat="50.2693565" lon="7.6507736"/><trkpt lat="50.2695771" lon="7.6505862"/><trkpt lat="50.2698159" lon="7.6504367"/><trkpt lat="50.2700132" lon="7.6503889"/><trkpt lat="50.2701278" lon="7.6503643"/><trkpt lat="50.2704357" lon="7.6503715"/><trkpt lat="50.2708062" lon="7.6504762"/><trkpt lat="50.2709935" lon="7.6505295"/><trkpt lat="50.2710998" lon="7.6505627"/><trkpt lat="50.2711877" lon="7.6506796"/><trkpt lat="50.2717507" lon="7.6507895"/><trkpt lat="50.27223" lon="7.6508835"/><trkpt lat="50.27253" lon="7.6509693"/><trkpt lat="50.2728643" lon="7.6511544"/><trkpt lat="50.27337" lon="7.6515191"/><trkpt lat="50.2735792" lon="7.6515352"/><trkpt lat="50.2737402" lon="7.6515682"/><trkpt lat="50.274047" lon="7.6514073"/><trkpt lat="50.2742373" lon="7.6512034"/><trkpt lat="50.2743179" lon="7.6508601"/><trkpt lat="50.2743196" lon="7.6504175"/><trkpt lat="50.274395" lon="7.650903"/><trkpt lat="50.2743881" lon="7.6511927"/><trkpt lat="50.2743866" lon="7.6514199"/><trkpt lat="50.2744483" lon="7.6511007"/><trkpt lat="50.2744569" lon="7.6507976"/><trkpt lat="50.2744157" lon="7.6503738"/><trkpt lat="50.2745356" lon="7.6507501"/><trkpt lat="50.2745476" lon="7.6511283"/><trkpt lat="50.2744738" lon="7.6515038"/><trkpt lat="50.2746247" lon="7.6512303"/><trkpt lat="50.2746574" lon="7.6509693"/><trkpt lat="50.2745923" lon="7.6504999"/><trkpt lat="50.2744685" lon="7.6503048"/><trkpt lat="50.2743898" lon="7.6500537"/><trkpt lat="50.2743945" lon="7.6499547"/><trkpt lat="50.2744947" lon="7.6501913"/><trkpt lat="50.2745966" lon="7.6503241"/><trkpt lat="50.2745657" lon="7.6501117"/></trkseg></trk><trk><trkseg><trkpt lat="50.29998" lon="7.6044183"/><trkpt lat="50.300066" lon="7.6047148"/><trkpt lat="50.3000566" lon="7.6047987"/><trkpt lat="50.3001044" lon="7.6050214"/><trkpt lat="50.2998168" lon="7.6051301"/><trkpt lat="50.2995954" lon="7.6053097"/></trkseg></trk><trk><trkseg><trkpt lat="50.2745792" lon="7.6500997"/><trkpt lat="50.2747279" lon="7.649967"/><trkpt lat="50.2748617" lon="7.6498696"/><trkpt lat="50.2747866" lon="7.6494767"/><trkpt lat="50.2747397" lon="7.6492212"/><trkpt lat="50.2746895" lon="7.6490019"/><trkpt lat="50.2746612" lon="7.6488825"/><trkpt lat="50.27465" lon="7.648831"/><trkpt lat="50.2746082" lon="7.6486224"/><trkpt lat="50.2745972" lon="7.6485453"/><trkpt lat="50.2745931" lon="7.6484968"/><trkpt lat="50.2745894" lon="7.6484546"/><trkpt lat="50.2745857" lon="7.6484043"/><trkpt lat="50.274582" lon="7.6483702"/><trkpt lat="50.2745732" lon="7.6483199"/><trkpt lat="50.2745561" lon="7.6482672"/><trkpt lat="50.2745264" lon="7.6481872"/><trkpt lat="50.2744997" lon="7.6481053"/><trkpt lat="50.2744774" lon="7.6480197"/><trkpt lat="50.2742516" lon="7.6470835"/><trkpt lat="50.2741846" lon="7.6468054"/><trkpt lat="50.274103" lon="7.6464945"/><trkpt lat="50.274033" lon="7.6462277"/><trkpt lat="50.2741215" lon="7.6461724"/><trkpt lat="50.2742089" lon="7.646104"/><trkpt lat="50.2742965" lon="7.6458241"/><trkpt lat="50.2744912" lon="7.6455817"/><trkpt lat="50.2747487" lon="7.6454617"/><trkpt lat="50.2747683" lon="7.6454405"/><trkpt lat="50.2748032" lon="7.6454029"/><trkpt lat="50.2748684" lon="7.6453429"/><trkpt lat="50.2749705" lon="7.6452696"/><trkpt lat="50.275107" lon="7.6451969"/><trkpt lat="50.2753646" lon="7.6451514"/><trkpt lat="50.2757354" lon="7.6451151"/><trkpt lat="50.2759843" lon="7.6452241"/><trkpt lat="50.2761789" lon="7.6453499"/><trkpt lat="50.2764808" lon="7.6457835"/><trkpt lat="50.2767655" lon="7.645948"/><trkpt lat="50.2768801" lon="7.6460755"/><trkpt lat="50.2769765" lon="7.6461731"/><trkpt lat="50.2770905" lon="7.6463305"/><trkpt lat="50.2771474" lon="7.6463785"/><trkpt lat="50.2771924" lon="7.6463708"/><trkpt lat="50.2772315" lon="7.6463478"/><trkpt lat="50.2772609" lon="7.6463006"/><trkpt lat="50.2772726" lon="7.6462334"/><trkpt lat="50.2772949" lon="7.6461412"/><trkpt lat="50.2773173" lon="7.6460725"/><trkpt lat="50.2773396" lon="7.6460037"/><trkpt lat="50.2773646" lon="7.6459262"/><trkpt lat="50.277391" lon="7.6458822"/><trkpt lat="50.2774397" lon="7.6458679"/><trkpt lat="50.2774957" lon="7.645868"/><trkpt lat="50.2775451" lon="7.6458844"/><trkpt lat="50.2775864" lon="7.6459055"/><trkpt lat="50.2776765" lon="7.6459733"/><trkpt lat="50.2777083" lon="7.6459925"/><trkpt lat="50.2778892" lon="7.6461012"/><trkpt lat="50.2780389" lon="7.6461989"/><trkpt lat="50.278234" lon="7.6463291"/><trkpt lat="50.2783489" lon="7.6464131"/><trkpt lat="50.2785336" lon="7.6465418"/><trkpt lat="50.2786032" lon="7.6465898"/><trkpt lat="50.278675" lon="7.6466129"/><trkpt lat="50.2790378" lon="7.6466277"/><trkpt lat="50.2792368" lon="7.6466421"/><trkpt lat="50.2794283" lon="7.6466883"/><trkpt lat="50.2795353" lon="7.6467223"/><trkpt lat="50.2796183" lon="7.6467503"/><trkpt lat="50.2796782" lon="7.6467977"/><trkpt lat="50.2797269" lon="7.6468763"/><trkpt lat="50.2797657" lon="7.6470146"/><trkpt lat="50.2798011" lon="7.647236"/><trkpt lat="50.2798451" lon="7.6476386"/><trkpt lat="50.2798714" lon="7.6477288"/><trkpt lat="50.2799284" lon="7.6478435"/><trkpt lat="50.2800845" lon="7.6479357"/><trkpt lat="50.2805123" lon="7.6481946"/><trkpt lat="50.2808428" lon="7.6484315"/><trkpt lat="50.2812043" lon="7.6486015"/><trkpt lat="50.2814428" lon="7.6486898"/><trkpt lat="50.2814785" lon="7.6486988"/><trkpt lat="50.2817165" lon="7.6487505"/><trkpt lat="50.2822203" lon="7.6488775"/><trkpt lat="50.2825779" lon="7.6490498"/><trkpt lat="50.2827905" lon="7.6490552"/><trkpt lat="50.2830191" lon="7.6489302"/><trkpt lat="50.2830524" lon="7.6494345"/><trkpt lat="50.2830368" lon="7.6495714"/><trkpt lat="50.2830182" lon="7.6506297"/><trkpt lat="50.2830024" lon="7.6508466"/><trkpt lat="50.2829614" lon="7.6511055"/><trkpt lat="50.2828515" lon="7.6516673"/><trkpt lat="50.282849" lon="7.6517412"/><trkpt lat="50.2828669" lon="7.6518087"/><trkpt lat="50.2828855" lon="7.6518579"/><trkpt lat="50.2829149" lon="7.6518982"/><trkpt lat="50.2831094" lon="7.6520442"/><trkpt lat="50.2833127" lon="7.6521634"/><trkpt lat="50.2836156" lon="7.6523042"/><trkpt lat="50.2839004" lon="7.652452"/><trkpt lat="50.2840502" lon="7.6525203"/><trkpt lat="50.2841704" lon="7.6525622"/><trkpt lat="50.2844297" lon="7.6526583"/><trkpt lat="50.2846003" lon="7.6527323"/><trkpt lat="50.2846783" lon="7.6527153"/><trkpt lat="50.2848975" lon="7.65278"/><trkpt lat="50.2851108" lon="7.6529605"/><trkpt lat="50.2855153" lon="7.6536579"/><trkpt lat="50.2856222" lon="7.6537757"/><trkpt lat="50.2856763" lon="7.6538353"/><trkpt lat="50.2857569" lon="7.6539242"/><trkpt lat="50.2858155" lon="7.6539888"/><trkpt lat="50.2858433" lon="7.6540195"/><trkpt lat="50.2859264" lon="7.6541111"/><trkpt lat="50.2861945" lon="7.654525"/><trkpt lat="50.2863395" lon="7.6547866"/><trkpt lat="50.2865039" lon="7.6550554"/><trkpt lat="50.2866307" lon="7.6552954"/><trkpt lat="50.2873087" lon="7.6565377"/><trkpt lat="50.2874866" lon="7.6569107"/><trkpt lat="50.2876304" lon="7.6573361"/><trkpt lat="50.2876421" lon="7.6576844"/><trkpt lat="50.2876482" lon="7.6578549"/><trkpt lat="50.2876994" lon="7.6580698"/><trkpt lat="50.2878508" lon="7.6585832"/><trkpt lat="50.2880993" lon="7.6593505"/><trkpt lat="50.288314" lon="7.6602481"/><trkpt lat="50.2883944" lon="7.6606109"/><trkpt lat="50.2884321" lon="7.6607863"/><trkpt lat="50.2886493" lon="7.6617974"/><trkpt lat="50.2890273" lon="7.663438"/><trkpt lat="50.2892992" lon="7.6647168"/><trkpt lat="50.289463" lon="7.6656016"/><trkpt lat="50.2894702" lon="7.665998"/><trkpt lat="50.2894812" lon="7.6662511"/><trkpt lat="50.2894859" lon="7.6663484"/><trkpt lat="50.289499" lon="7.6666471"/><trkpt lat="50.2895285" lon="7.6673486"/><trkpt lat="50.2896598" lon="7.6673257"/><trkpt lat="50.2897602" lon="7.6673067"/><trkpt lat="50.289888" lon="7.6672867"/><trkpt lat="50.2899483" lon="7.6672634"/><trkpt lat="50.2899916" lon="7.6672312"/><trkpt lat="50.2900396" lon="7.6671707"/><trkpt lat="50.2900916" lon="7.6670758"/><trkpt lat="50.2901491" lon="7.6669381"/><trkpt lat="50.2903215" lon="7.6666791"/><trkpt lat="50.2904023" lon="7.6665568"/><trkpt lat="50.2904839" lon="7.6664163"/><trkpt lat="50.2906021" lon="7.6662152"/><trkpt lat="50.2906384" lon="7.6660996"/><trkpt lat="50.290671" lon="7.665996"/><trkpt lat="50.2907147" lon="7.6658527"/><trkpt lat="50.2907418" lon="7.6657214"/><trkpt lat="50.2907566" lon="7.665601"/><trkpt lat="50.2907666" lon="7.6654741"/><trkpt lat="50.2907766" lon="7.6653502"/><trkpt lat="50.2907891" lon="7.665248"/><trkpt lat="50.2908041" lon="7.6651558"/><trkpt lat="50.2908332" lon="7.6650594"/><trkpt lat="50.2908746" lon="7.6649374"/><trkpt lat="50.2909885" lon="7.6646922"/><trkpt lat="50.2910825" lon="7.6645631"/><trkpt lat="50.2911833" lon="7.6644742"/><trkpt lat="50.2912763" lon="7.6643836"/><trkpt lat="50.2915296" lon="7.6641658"/><trkpt lat="50.2917496" lon="7.6639485"/><trkpt lat="50.2918975" lon="7.6638325"/><trkpt lat="50.2920831" lon="7.6636484"/><trkpt lat="50.2921757" lon="7.6635811"/><trkpt lat="50.2922539" lon="7.6635356"/><trkpt lat="50.2923339" lon="7.6635317"/><trkpt lat="50.292841" lon="7.6634655"/><trkpt lat="50.2930438" lon="7.6634723"/><trkpt lat="50.2931061" lon="7.6634215"/><trkpt lat="50.2932237" lon="7.6632816"/><trkpt lat="50.2931942" lon="7.6631521"/><trkpt lat="50.2931801" lon="7.6629944"/><trkpt lat="50.2931544" lon="7.6628878"/><trkpt lat="50.29318" lon="7.6627902"/><trkpt lat="50.2931812" lon="7.6622788"/><trkpt lat="50.2932135" lon="7.6618888"/><trkpt lat="50.2932155" lon="7.6618748"/><trkpt lat="50.2932272" lon="7.6617923"/><trkpt lat="50.2932197" lon="7.6617091"/><trkpt lat="50.2931802" lon="7.6616259"/><trkpt lat="50.2931195" lon="7.6615693"/><trkpt lat="50.2927812" lon="7.6610846"/><trkpt lat="50.2925804" lon="7.6608584"/><trkpt lat="50.2924779" lon="7.6606694"/><trkpt lat="50.2923296" lon="7.660473"/><trkpt lat="50.2921452" lon="7.660346"/><trkpt lat="50.2920894" lon="7.6602625"/><trkpt lat="50.2920007" lon="7.6601547"/><trkpt lat="50.2920223" lon="7.6601379"/><trkpt lat="50.2920463" lon="7.6601105"/><trkpt lat="50.2920587" lon="7.660087"/><trkpt lat="50.292067" lon="7.6600701"/><trkpt lat="50.2920747" lon="7.660046"/><trkpt lat="50.2920762" lon="7.660019"/><trkpt lat="50.2920777" lon="7.659984"/><trkpt lat="50.2920752" lon="7.6599599"/><trkpt lat="50.2920731" lon="7.6599372"/><trkpt lat="50.2920671" lon="7.6599002"/><trkpt lat="50.2920601" lon="7.6598677"/><trkpt lat="50.2920515" lon="7.6598085"/><trkpt lat="50.2920461" lon="7.6597669"/><trkpt lat="50.2920397" lon="7.6597401"/><trkpt lat="50.2920324" lon="7.6597166"/><trkpt lat="50.292028" lon="7.6596817"/><trkpt lat="50.2920296" lon="7.6596512"/><trkpt lat="50.2920323" lon="7.659611"/><trkpt lat="50.2920344" lon="7.6595917"/><trkpt lat="50.2920384" lon="7.6595704"/><trkpt lat="50.2920465" lon="7.6595429"/><trkpt lat="50.2920674" lon="7.6594777"/><trkpt lat="50.2920999" lon="7.6594013"/><trkpt lat="50.2921449" lon="7.6593148"/><trkpt lat="50.2922364" lon="7.6591975"/><trkpt lat="50.2923336" lon="7.6590925"/><trkpt lat="50.292457" lon="7.659039"/><trkpt lat="50.2926107" lon="7.6589828"/><trkpt lat="50.2927278" lon="7.6590131"/><trkpt lat="50.2930549" lon="7.6590941"/><trkpt lat="50.2935264" lon="7.6592509"/><trkpt lat="50.2939113" lon="7.6593087"/><trkpt lat="50.2944525" lon="7.6592413"/><trkpt lat="50.2946281" lon="7.659121"/><trkpt lat="50.2946861" lon="7.6590719"/><trkpt lat="50.2947405" lon="7.6590136"/><trkpt lat="50.2947907" lon="7.6589466"/><trkpt lat="50.2948361" lon="7.6588717"/><trkpt lat="50.2948747" lon="7.6587933"/><trkpt lat="50.294908" lon="7.6587092"/><trkpt lat="50.2949358" lon="7.6586202"/><trkpt lat="50.2949577" lon="7.6585274"/><trkpt lat="50.2950153" lon="7.6582031"/><trkpt lat="50.2950311" lon="7.6581441"/><trkpt lat="50.2950468" lon="7.6580951"/><trkpt lat="50.2950716" lon="7.6580192"/><trkpt lat="50.2950944" lon="7.6579686"/><trkpt lat="50.295122" lon="7.6579779"/><trkpt lat="50.2951359" lon="7.6578926"/><trkpt lat="50.2951732" lon="7.6579053"/><trkpt lat="50.2951742" lon="7.6578712"/><trkpt lat="50.2951823" lon="7.657805"/><trkpt lat="50.2952606" lon="7.6575285"/><trkpt lat="50.295268" lon="7.6574663"/><trkpt lat="50.2952825" lon="7.6573476"/><trkpt lat="50.2953024" lon="7.6572332"/><trkpt lat="50.2953612" lon="7.6569534"/><trkpt lat="50.2953953" lon="7.6568188"/><trkpt lat="50.2954568" lon="7.6565261"/><trkpt lat="50.2954675" lon="7.6564534"/><trkpt lat="50.2954916" lon="7.6563313"/><trkpt lat="50.2955285" lon="7.6561506"/><trkpt lat="50.2955676" lon="7.6559481"/><trkpt lat="50.2956046" lon="7.6557626"/><trkpt lat="50.2956434" lon="7.6555498"/><trkpt lat="50.295659" lon="7.6554704"/><trkpt lat="50.2956659" lon="7.6554077"/><trkpt lat="50.295668" lon="7.6553715"/><trkpt lat="50.2956737" lon="7.6553352"/><trkpt lat="50.295705" lon="7.6551411"/><trkpt lat="50.2957456" lon="7.6548242"/><trkpt lat="50.2957567" lon="7.6547713"/><trkpt lat="50.2957699" lon="7.6547319"/><trkpt lat="50.2957797" lon="7.6546651"/><trkpt lat="50.2957875" lon="7.6545923"/><trkpt lat="50.2957997" lon="7.6544795"/><trkpt lat="50.2958216" lon="7.654312"/><trkpt lat="50.2958292" lon="7.6541599"/><trkpt lat="50.2958736" lon="7.6537833"/><trkpt lat="50.2958912" lon="7.6536332"/><trkpt lat="50.2958864" lon="7.6535672"/><trkpt lat="50.2958928" lon="7.6535132"/><trkpt lat="50.2958985" lon="7.6534496"/><trkpt lat="50.2959364" lon="7.6533225"/><trkpt lat="50.2960277" lon="7.653078"/><trkpt lat="50.2961037" lon="7.6529812"/><trkpt lat="50.2961184" lon="7.6528833"/><trkpt lat="50.2961311" lon="7.6528471"/><trkpt lat="50.2962506" lon="7.6525244"/><trkpt lat="50.2962982" lon="7.6522063"/><trkpt lat="50.29629" lon="7.6520496"/><trkpt lat="50.2962683" lon="7.6519671"/><trkpt lat="50.2962616" lon="7.651653"/><trkpt lat="50.296264" lon="7.6514883"/><trkpt lat="50.2962297" lon="7.6514416"/><trkpt lat="50.2962068" lon="7.6513114"/><trkpt lat="50.2962293" lon="7.651196"/><trkpt lat="50.2962295" lon="7.6511188"/><trkpt lat="50.2962263" lon="7.6510569"/><trkpt lat="50.296234" lon="7.6508514"/><trkpt lat="50.2962626" lon="7.6507499"/><trkpt lat="50.2963101" lon="7.6506307"/><trkpt lat="50.296349" lon="7.6505442"/><trkpt lat="50.2963945" lon="7.6504563"/><trkpt lat="50.296473" lon="7.6503225"/><trkpt lat="50.2966701" lon="7.6500421"/><trkpt lat="50.2967926" lon="7.6497981"/><trkpt lat="50.2968701" lon="7.6496684"/><trkpt lat="50.2970853" lon="7.6493478"/><trkpt lat="50.2971487" lon="7.6492632"/><trkpt lat="50.2972003" lon="7.6491876"/><trkpt lat="50.2972089" lon="7.6491425"/><trkpt lat="50.2972207" lon="7.6489421"/><trkpt lat="50.297238" lon="7.6487552"/><trkpt lat="50.2972734" lon="7.6484892"/><trkpt lat="50.2972824" lon="7.6484181"/><trkpt lat="50.2972861" lon="7.6483893"/><trkpt lat="50.2973033" lon="7.6482544"/><trkpt lat="50.2973267" lon="7.6481136"/><trkpt lat="50.29735" lon="7.6479685"/><trkpt lat="50.2974004" lon="7.6479584"/><trkpt lat="50.2974432" lon="7.6479279"/><trkpt lat="50.297525" lon="7.6478067"/><trkpt lat="50.2976157" lon="7.647664"/><trkpt lat="50.2976889" lon="7.6474748"/><trkpt lat="50.2977793" lon="7.6471905"/><trkpt lat="50.2977974" lon="7.6470896"/><trkpt lat="50.2978182" lon="7.6469663"/><trkpt lat="50.2978438" lon="7.646865"/><trkpt lat="50.297858" lon="7.6468384"/><trkpt lat="50.297877" lon="7.6468079"/><trkpt lat="50.2979185" lon="7.6467217"/><trkpt lat="50.2979612" lon="7.6466175"/><trkpt lat="50.2980238" lon="7.6464544"/><trkpt lat="50.2980652" lon="7.6463301"/><trkpt lat="50.2981662" lon="7.6460034"/><trkpt lat="50.298212" lon="7.6458443"/><trkpt lat="50.2982601" lon="7.6456558"/><trkpt lat="50.2982694" lon="7.645612"/><trkpt lat="50.2982893" lon="7.645531"/><trkpt lat="50.298318" lon="7.6454599"/><trkpt lat="50.2983307" lon="7.6454169"/><trkpt lat="50.2983539" lon="7.6452465"/><trkpt lat="50.2984366" lon="7.6450483"/><trkpt lat="50.2984883" lon="7.6449488"/><trkpt lat="50.2986464" lon="7.6448311"/><trkpt lat="50.2987382" lon="7.6446768"/><trkpt lat="50.2988392" lon="7.6445955"/><trkpt lat="50.2988807" lon="7.6444518"/><trkpt lat="50.2989042" lon="7.6443546"/><trkpt lat="50.2989356" lon="7.6442221"/><trkpt lat="50.2990377" lon="7.6442317"/><trkpt lat="50.2991223" lon="7.6442224"/><trkpt lat="50.2991926" lon="7.6441982"/><trkpt lat="50.2992676" lon="7.644156"/><trkpt lat="50.2993319" lon="7.6440989"/><trkpt lat="50.2993997" lon="7.6440081"/><trkpt lat="50.2994545" lon="7.643922"/><trkpt lat="50.2994673" lon="7.6438974"/><trkpt lat="50.2995099" lon="7.6438152"/><trkpt lat="50.2995572" lon="7.6436762"/><trkpt lat="50.299592" lon="7.6435098"/><trkpt lat="50.2996199" lon="7.643266"/><trkpt lat="50.2996391" lon="7.6429647"/><trkpt lat="50.2996664" lon="7.6426793"/><trkpt lat="50.2996953" lon="7.6424756"/><trkpt lat="50.2997271" lon="7.6423208"/><trkpt lat="50.2997656" lon="7.6421721"/><trkpt lat="50.2998039" lon="7.642045"/><trkpt lat="50.2999011" lon="7.6417988"/><trkpt lat="50.3000903" lon="7.6413544"/><trkpt lat="50.300172" lon="7.6411337"/><trkpt lat="50.3002243" lon="7.6409924"/><trkpt lat="50.3002923" lon="7.6407142"/><trkpt lat="50.3003054" lon="7.6406605"/><trkpt lat="50.3003209" lon="7.6405971"/><trkpt lat="50.3003311" lon="7.6405482"/><trkpt lat="50.3003572" lon="7.6404223"/><trkpt lat="50.3004281" lon="7.6405399"/><trkpt lat="50.3004636" lon="7.6403782"/><trkpt lat="50.3004908" lon="7.6403365"/><trkpt lat="50.3005078" lon="7.6402875"/><trkpt lat="50.3005212" lon="7.6401398"/><trkpt lat="50.3006019" lon="7.6398912"/><trkpt lat="50.3006219" lon="7.6397023"/><trkpt lat="50.3006985" lon="7.6394192"/><trkpt lat="50.3008733" lon="7.6389521"/><trkpt lat="50.300933" lon="7.638674"/><trkpt lat="50.3010015" lon="7.6383074"/><trkpt lat="50.3010183" lon="7.6380076"/><trkpt lat="50.3010635" lon="7.6377414"/><trkpt lat="50.3011594" lon="7.6375416"/><trkpt lat="50.3013362" lon="7.6373434"/><trkpt lat="50.3014278" lon="7.6372378"/><trkpt lat="50.3015067" lon="7.6371003"/><trkpt lat="50.3017567" lon="7.6367628"/><trkpt lat="50.3018419" lon="7.6367255"/><trkpt lat="50.3019525" lon="7.6366607"/><trkpt lat="50.3019835" lon="7.6365504"/><trkpt lat="50.3020581" lon="7.6365971"/><trkpt lat="50.302175" lon="7.6366785"/><trkpt lat="50.3023341" lon="7.6368084"/><trkpt lat="50.3024343" lon="7.6368902"/><trkpt lat="50.3025323" lon="7.6369631"/><trkpt lat="50.3026123" lon="7.6370227"/><trkpt lat="50.3026475" lon="7.6370505"/><trkpt lat="50.3027156" lon="7.6371042"/><trkpt lat="50.3028358" lon="7.6368633"/><trkpt lat="50.3031701" lon="7.6362835"/><trkpt lat="50.303241" lon="7.6361218"/><trkpt lat="50.3033731" lon="7.6359117"/><trkpt lat="50.3034388" lon="7.6358223"/><trkpt lat="50.3035049" lon="7.6357346"/><trkpt lat="50.3035459" lon="7.6356814"/><trkpt lat="50.3035782" lon="7.635628"/><trkpt lat="50.3036101" lon="7.635568"/><trkpt lat="50.3036493" lon="7.6354997"/><trkpt lat="50.303688" lon="7.6354446"/><trkpt lat="50.3037191" lon="7.6354122"/><trkpt lat="50.3037531" lon="7.6353972"/><trkpt lat="50.3037892" lon="7.6353755"/><trkpt lat="50.3038115" lon="7.6353547"/><trkpt lat="50.3038317" lon="7.6353264"/><trkpt lat="50.3040014" lon="7.6350795"/><trkpt lat="50.3040999" lon="7.6349198"/><trkpt lat="50.304272" lon="7.6346595"/><trkpt lat="50.3043108" lon="7.6345403"/><trkpt lat="50.3043222" lon="7.6344152"/><trkpt lat="50.3043197" lon="7.6343148"/><trkpt lat="50.3042919" lon="7.6341977"/><trkpt lat="50.304274" lon="7.634158"/><trkpt lat="50.3043199" lon="7.6340644"/><trkpt lat="50.3043593" lon="7.6338425"/><trkpt lat="50.3043998" lon="7.6334572"/><trkpt lat="50.304435" lon="7.6332449"/><trkpt lat="50.3044758" lon="7.6330391"/><trkpt lat="50.3045205" lon="7.6328415"/><trkpt lat="50.304567" lon="7.6324319"/><trkpt lat="50.3045984" lon="7.6321787"/><trkpt lat="50.3046351" lon="7.6318841"/><trkpt lat="50.3046634" lon="7.6315783"/><trkpt lat="50.3047004" lon="7.6313026"/><trkpt lat="50.3047084" lon="7.6311468"/><trkpt lat="50.3047033" lon="7.6310672"/><trkpt lat="50.3047015" lon="7.6309846"/><trkpt lat="50.3047169" lon="7.6307461"/><trkpt lat="50.3047333" lon="7.6303423"/><trkpt lat="50.3047327" lon="7.6300492"/><trkpt lat="50.304734" lon="7.6297736"/><trkpt lat="50.3047488" lon="7.6293585"/><trkpt lat="50.3047482" lon="7.6288318"/><trkpt lat="50.3047461" lon="7.6285509"/><trkpt lat="50.3047445" lon="7.6283203"/><trkpt lat="50.304729" lon="7.6278028"/><trkpt lat="50.3047165" lon="7.6275085"/><trkpt lat="50.3047448" lon="7.6269872"/><trkpt lat="50.3047421" lon="7.6268901"/><trkpt lat="50.3047342" lon="7.6268173"/><trkpt lat="50.3047162" lon="7.6267035"/><trkpt lat="50.3046605" lon="7.6264346"/><trkpt lat="50.3045847" lon="7.6259938"/><trkpt lat="50.3045257" lon="7.6255922"/><trkpt lat="50.3044808" lon="7.6250699"/><trkpt lat="50.3044798" lon="7.6249161"/><trkpt lat="50.304478" lon="7.6246234"/><trkpt lat="50.3044639" lon="7.6242528"/><trkpt lat="50.3044563" lon="7.6241236"/><trkpt lat="50.3044354" lon="7.6237305"/><trkpt lat="50.3044512" lon="7.6236389"/><trkpt lat="50.3044539" lon="7.6235679"/><trkpt lat="50.3044611" lon="7.6233823"/><trkpt lat="50.3044533" lon="7.6232875"/><trkpt lat="50.3044365" lon="7.6230647"/><trkpt lat="50.3043936" lon="7.6229822"/><trkpt lat="50.3043511" lon="7.6227451"/><trkpt lat="50.3043186" lon="7.6225117"/><trkpt lat="50.3042702" lon="7.6220077"/><trkpt lat="50.3042575" lon="7.6218782"/><trkpt lat="50.3042502" lon="7.6217486"/><trkpt lat="50.3042196" lon="7.6215823"/><trkpt lat="50.3041775" lon="7.6212172"/><trkpt lat="50.3041534" lon="7.6209431"/><trkpt lat="50.3041415" lon="7.6208443"/><trkpt lat="50.3041137" lon="7.6207984"/><trkpt lat="50.3040877" lon="7.6207751"/><trkpt lat="50.3041122" lon="7.6206849"/><trkpt lat="50.3041283" lon="7.620589"/><trkpt lat="50.3041445" lon="7.6204529"/><trkpt lat="50.3041471" lon="7.6202939"/><trkpt lat="50.304139" lon="7.6201639"/><trkpt lat="50.3041248" lon="7.6199808"/><trkpt lat="50.3041026" lon="7.6198065"/><trkpt lat="50.304091" lon="7.6197186"/><trkpt lat="50.3040771" lon="7.6196416"/><trkpt lat="50.3040606" lon="7.6195651"/><trkpt lat="50.304034" lon="7.6194477"/><trkpt lat="50.3040049" lon="7.6193619"/><trkpt lat="50.3039668" lon="7.6192667"/><trkpt lat="50.3039265" lon="7.6191808"/><trkpt lat="50.303888" lon="7.6191165"/><trkpt lat="50.3038357" lon="7.6190373"/><trkpt lat="50.3037938" lon="7.6189788"/><trkpt lat="50.3037287" lon="7.6188878"/><trkpt lat="50.3033832" lon="7.6184059"/><trkpt lat="50.3032256" lon="7.6181939"/><trkpt lat="50.302931" lon="7.6177977"/><trkpt lat="50.3028867" lon="7.6177492"/><trkpt lat="50.3027924" lon="7.6176399"/><trkpt lat="50.302679" lon="7.6175303"/><trkpt lat="50.3025903" lon="7.6174521"/><trkpt lat="50.30247" lon="7.6173585"/><trkpt lat="50.3026057" lon="7.6173201"/><trkpt lat="50.3029791" lon="7.6174273"/><trkpt lat="50.3033182" lon="7.6175547"/><trkpt lat="50.3034124" lon="7.6175959"/><trkpt lat="50.3035166" lon="7.6176508"/><trkpt lat="50.3036793" lon="7.6176948"/><trkpt lat="50.3037103" lon="7.6177237"/><trkpt lat="50.3037761" lon="7.6177346"/><trkpt lat="50.3038584" lon="7.6177332"/><trkpt lat="50.3038771" lon="7.6177281"/><trkpt lat="50.3038938" lon="7.6177095"/><trkpt lat="50.3039737" lon="7.6175796"/><trkpt lat="50.3039924" lon="7.6175048"/><trkpt lat="50.3039949" lon="7.6174626"/><trkpt lat="50.3039919" lon="7.6174216"/><trkpt lat="50.3039813" lon="7.617387"/><trkpt lat="50.3039265" lon="7.617273"/><trkpt lat="50.3038027" lon="7.6170961"/><trkpt lat="50.303709" lon="7.6169781"/><trkpt lat="50.3036435" lon="7.6168956"/><trkpt lat="50.303519" lon="7.6167121"/><trkpt lat="50.3034065" lon="7.616466"/><trkpt lat="50.3033056" lon="7.6162539"/><trkpt lat="50.3031808" lon="7.6160238"/><trkpt lat="50.3030321" lon="7.615813"/><trkpt lat="50.3029747" lon="7.6157133"/><trkpt lat="50.3029807" lon="7.6156532"/><trkpt lat="50.3030341" lon="7.615429"/><trkpt lat="50.3030484" lon="7.6152936"/><trkpt lat="50.302943" lon="7.615179"/><trkpt lat="50.3028472" lon="7.6150938"/><trkpt lat="50.302728" lon="7.6149846"/><trkpt lat="50.3026602" lon="7.614927"/><trkpt lat="50.3026114" lon="7.6149572"/><trkpt lat="50.3025804" lon="7.6150211"/><trkpt lat="50.3025227" lon="7.6149757"/><trkpt lat="50.3024859" lon="7.6149414"/><trkpt lat="50.3024172" lon="7.6148772"/><trkpt lat="50.3023252" lon="7.6147787"/><trkpt lat="50.3022528" lon="7.6146805"/><trkpt lat="50.3021627" lon="7.6145081"/><trkpt lat="50.3020617" lon="7.6142764"/><trkpt lat="50.3020377" lon="7.6142154"/><trkpt lat="50.302006" lon="7.6141558"/><trkpt lat="50.301979" lon="7.6140935"/><trkpt lat="50.3019581" lon="7.6140317"/><trkpt lat="50.3019342" lon="7.6139516"/><trkpt lat="50.3019138" lon="7.6138995"/><trkpt lat="50.301897" lon="7.613881"/><trkpt lat="50.3018828" lon="7.613858"/><trkpt lat="50.3018716" lon="7.6138312"/><trkpt lat="50.3018637" lon="7.6138016"/><trkpt lat="50.3018596" lon="7.6137703"/><trkpt lat="50.3018592" lon="7.6137382"/><trkpt lat="50.3018523" lon="7.6137043"/><trkpt lat="50.3018446" lon="7.6136816"/><trkpt lat="50.3018262" lon="7.6136515"/><trkpt lat="50.3017996" lon="7.6136079"/><trkpt lat="50.3017761" lon="7.6135542"/><trkpt lat="50.3017469" lon="7.6134617"/><trkpt lat="50.3017168" lon="7.6133439"/><trkpt lat="50.3016373" lon="7.613117"/><trkpt lat="50.3015919" lon="7.6129867"/><trkpt lat="50.301559" lon="7.6128923"/><trkpt lat="50.3015148" lon="7.612762"/><trkpt lat="50.3014831" lon="7.6126644"/><trkpt lat="50.3014642" lon="7.612598"/><trkpt lat="50.3014462" lon="7.6125296"/><trkpt lat="50.3014347" lon="7.6124679"/><trkpt lat="50.3014261" lon="7.6124103"/><trkpt lat="50.3014231" lon="7.6123559"/><trkpt lat="50.3014257" lon="7.6123077"/><trkpt lat="50.3014291" lon="7.6122708"/><trkpt lat="50.301439" lon="7.6122238"/><trkpt lat="50.3014472" lon="7.6121916"/><trkpt lat="50.3014569" lon="7.6121655"/><trkpt lat="50.3014762" lon="7.6121219"/><trkpt lat="50.3015058" lon="7.6120716"/><trkpt lat="50.3015572" lon="7.6119918"/><trkpt lat="50.3016583" lon="7.6118544"/><trkpt lat="50.3017595" lon="7.6117097"/><trkpt lat="50.3018411" lon="7.6115741"/><trkpt lat="50.3018789" lon="7.6114904"/><trkpt lat="50.3018974" lon="7.6114311"/><trkpt lat="50.3019101" lon="7.6113722"/><trkpt lat="50.3019117" lon="7.6112873"/><trkpt lat="50.3018604" lon="7.6110309"/><trkpt lat="50.301224" lon="7.609192"/><trkpt lat="50.3011793" lon="7.6090615"/><trkpt lat="50.3011077" lon="7.6088621"/><trkpt lat="50.3008485" lon="7.6081349"/><trkpt lat="50.3005359" lon="7.6072317"/><trkpt lat="50.3005163" lon="7.6071751"/><trkpt lat="50.3003103" lon="7.6065994"/><trkpt lat="50.2998168" lon="7.6051301"/></trkseg></trk></gpx>